{"f15v15n2e20":{"0":5613.0600585938},"Y":{"0":7433.850098}}