{"f15v15n2e20_loss":{"0":0.1473119927,"1":0.0226754372,"2":0.0210309966,"3":0.0190761991,"4":0.0176114116,"5":0.0156816711,"6":0.0138806612,"7":0.0119663342,"8":0.0099974698,"9":0.0079992616,"10":0.0066090242,"11":0.0054322241,"12":0.0041541018,"13":0.0035401574,"14":0.0030089342,"15":0.0028238621,"16":0.0026488868,"17":0.0025234292,"18":0.0023888357,"19":0.0022363204},"f15v15n2e20val_loss":{"0":0.2244862279,"1":0.1510653559,"2":0.1569281799,"3":0.1546881785,"4":0.1243863415,"5":0.1150804361,"6":0.0918323824,"7":0.0910230782,"8":0.0743541491,"9":0.0641099149,"10":0.0606196525,"11":0.0574808718,"12":0.06206089,"13":0.0549226532,"14":0.0539529407,"15":0.053079959,"16":0.0569471254,"17":0.0603448027,"18":0.0564098921,"19":0.0600076516}}