{"f2v2n2e20":{"0":1567.2991943359,"1":1565.8352050781,"2":1563.8360595703,"3":1561.8317871094,"4":1562.6805419922,"5":1561.9837646484,"6":1559.6480712891,"7":1570.3740234375,"8":1577.2934570312,"9":1579.8568115234,"10":1582.4166259766,"11":1584.3708496094,"12":1590.541015625,"13":1598.7019042969,"14":1602.5815429688,"15":1603.0487060547,"16":1603.2711181641,"17":1603.4937744141,"18":1599.0612792969,"19":1601.4357910156,"20":1603.1793212891,"21":1602.2191162109,"22":1603.7562255859,"23":1606.71484375,"24":1609.66796875,"25":1605.9473876953,"26":1607.2568359375},"Y":{"0":1553.284973,"1":1551.8074645,"2":1550.329956,"3":1554.910034,"4":1546.560059,"5":1565.599976,"6":1570.0499676667,"7":1574.4999593333,"8":1578.949951,"9":1586.390015,"10":1596.050049,"11":1603.709961,"12":1606.790039,"13":1604.6400146667,"14":1602.4899903333,"15":1600.339966,"16":1600.339966,"17":1616.369995,"18":1625.290039,"19":1626.630005,"20":1630.233317,"21":1633.836629,"22":1637.439941,"23":1625.23999,"24":1627.609985,"25":1628.219971,"26":1626.930054}}