{"f2v2n2e20_loss":{"0":0.0546513736,"1":0.0020365799,"2":0.0014086347,"3":0.001316305,"4":0.001229707,"5":0.0011520669,"6":0.0010713961,"7":0.0010035038,"8":0.0009545228,"9":0.0009169786,"10":0.0009285933,"11":0.000907547,"12":0.0008699064,"13":0.0008554496,"14":0.0008058536,"15":0.0008495026,"16":0.0008020902,"17":0.0008569131,"18":0.0008078901,"19":0.0007961523},"f2v2n2e20val_loss":{"0":0.0154040606,"1":0.0044205133,"2":0.0030919686,"3":0.002229074,"4":0.0025766506,"5":0.0015077378,"6":0.0011661109,"7":0.0006606116,"8":0.0006685759,"9":0.0002244753,"10":0.0002105057,"11":0.0003615574,"12":0.0002662725,"13":0.0002407268,"14":0.0003582775,"15":0.0002199437,"16":0.0002421226,"17":0.0002217927,"18":0.0002262133,"19":0.0003408975}}