{"f7v1n4e20":{"0":2215.8657226562,"1":2216.1242675781,"2":2214.1350097656,"3":2212.1420898438,"4":2210.1459960938,"5":2214.0205078125,"6":2210.9216308594,"7":2208.2145996094,"8":2220.8166503906,"9":2222.7077636719,"10":2224.5983886719,"11":2226.4890136719,"12":2227.5710449219,"13":2235.6987304688,"14":2243.0126953125,"15":2243.8603515625,"16":2243.73046875,"17":2243.6005859375,"18":2243.4702148438,"19":2238.49609375,"20":2244.4821777344,"21":2244.8896484375,"22":2242.7890625},"Y":{"0":2629.72998,"1":2663.419922,"2":2666.489909,"3":2669.559896,"4":2672.629883,"5":2671.919922,"6":2697.790039,"7":2723.070068,"8":2727.719971,"9":2728.523275,"10":2729.326579,"11":2730.129883,"12":2711.449951,"13":2722.459961,"14":2720.129883,"15":2712.969971,"16":2719.649984,"17":2726.329997,"18":2733.01001,"19":2724.439941,"20":2733.290039,"21":2727.76001,"22":2721.330078}}