{"f7v1n4e20_loss":{"0":0.1787005465,"1":0.0794275521,"2":0.0420064015,"3":0.0304189651,"4":0.0286856771,"5":0.0279506119,"6":0.0270639056,"7":0.026374801,"8":0.0253541411,"9":0.0245572513,"10":0.0238716774,"11":0.0225075062,"12":0.021519779,"13":0.0203650177,"14":0.0193891793,"15":0.0179182086,"16":0.0165313903,"17":0.0151042763,"18":0.0133636919,"19":0.0117675977},"f7v1n4e20val_loss":{"0":0.5453592049,"1":0.3654414535,"2":0.2325022465,"3":0.1845274484,"4":0.1697560001,"5":0.1498792335,"6":0.158312429,"7":0.1538334522,"8":0.1288798938,"9":0.1366556152,"10":0.124056015,"11":0.1105564524,"12":0.10527076,"13":0.0962117188,"14":0.0983997985,"15":0.0960922306,"16":0.0721270514,"17":0.0707675593,"18":0.0758671319,"19":0.0595577863}}