{"f1v1n2e20":{"0":1472.7163085938,"1":1472.7069091797,"2":1470.6756591797,"3":1468.6419677734,"4":1466.6060791016,"5":1467.4019775391,"6":1463.3891601562,"7":1460.8746337891,"8":1474.2424316406,"9":1476.0869140625,"10":1477.9311523438,"11":1479.7749023438,"12":1481.1456298828,"13":1489.41015625,"14":1497.2358398438,"15":1499.37890625,"16":1499.3450927734,"17":1499.3089599609,"18":1499.2708740234,"19":1493.9613037109,"20":1499.7856445312,"21":1500.3673095703,"22":1499.2725830078,"23":1502.0841064453,"24":1504.8901367188,"25":1507.6911621094,"26":1502.1534423828,"27":1504.9885253906,"28":1503.5471191406},"Y":{"0":1556.23999,"1":1554.7624815,"2":1553.284973,"3":1551.8074645,"4":1550.329956,"5":1554.910034,"6":1546.560059,"7":1565.599976,"8":1570.0499676667,"9":1574.4999593333,"10":1578.949951,"11":1586.390015,"12":1596.050049,"13":1603.709961,"14":1606.790039,"15":1604.6400146667,"16":1602.4899903333,"17":1600.339966,"18":1600.339966,"19":1616.369995,"20":1625.290039,"21":1626.630005,"22":1630.233317,"23":1633.836629,"24":1637.439941,"25":1625.23999,"26":1627.609985,"27":1628.219971,"28":1626.930054}}