{"f1v1n2e20_loss":{"0":0.3441294622,"1":0.0974858583,"2":0.0072263571,"3":0.0020519129,"4":0.0019714673,"5":0.001892598,"6":0.001865723,"7":0.001794258,"8":0.0017025563,"9":0.0016541445,"10":0.0015603706,"11":0.0015183999,"12":0.0014121308,"13":0.0013566898,"14":0.0012811703,"15":0.001226168,"16":0.0011247047,"17":0.0011532453,"18":0.001013224,"19":0.0009534668},"f1v1n2e20val_loss":{"0":0.4201369459,"1":0.0651118811,"2":0.010073687,"3":0.0077206466,"4":0.0073534212,"5":0.0082436699,"6":0.0056277954,"7":0.0056212238,"8":0.0055110414,"9":0.0056463626,"10":0.004538779,"11":0.0041279627,"12":0.0036080816,"13":0.0034804929,"14":0.003484756,"15":0.0028550748,"16":0.0015253032,"17":0.0024416553,"18":0.0016326543,"19":0.001227261}}