{"f2v7n2e20":{"0":7210.197265625,"1":7205.6235351562,"2":7230.5161132812,"3":7249.2954101562,"4":7269.0185546875,"5":7289.4990234375,"6":7305.658203125,"7":7336.28125,"8":7370.94140625,"9":7389.41015625,"10":7406.0092773438,"11":7418.6313476562,"12":7427.7856445312,"13":7421.6572265625,"14":7430.2319335938,"15":7430.7055664062,"16":7427.9379882812,"17":7431.89453125,"18":7437.8764648438,"19":7445.1821289062,"20":7450.0537109375,"21":7460.2045898438},"Y":{"0":7209.620117,"1":7228.150065,"2":7246.680013,"3":7265.209961,"4":7266.899902,"5":7339.910156,"6":7404.970215,"7":7402.879883,"8":7405.6931966667,"9":7408.5065103333,"10":7411.319824,"11":7351.629883,"12":7398.299805,"13":7382.470215,"14":7354.339844,"15":7367.5732423333,"16":7380.8066406667,"17":7394.040039,"18":7378.459961,"19":7425.959961,"20":7424.430176,"21":7433.850098}}