{"f2v7n2e20_loss":{"0":0.0712484016,"1":0.002659834,"2":0.0022330535,"3":0.0018999421,"4":0.0014682418,"5":0.001120599,"6":0.0008788167,"7":0.0006713293,"8":0.0004899056,"9":0.000383727,"10":0.0003597761,"11":0.0003017283,"12":0.0002858825,"13":0.0002475357,"14":0.0002511826,"15":0.0002702838,"16":0.0002523912,"17":0.0002390337,"18":0.0002388614,"19":0.0002432408},"f2v7n2e20val_loss":{"0":0.0237219836,"1":0.021620716,"2":0.0161030558,"3":0.0157560225,"4":0.0104570626,"5":0.0070877578,"6":0.0045027734,"7":0.0033276842,"8":0.0015739919,"9":0.0010936653,"10":0.0006570307,"11":0.000270805,"12":0.0002620861,"13":0.0002287051,"14":0.0001577029,"15":0.0002928362,"16":0.0005782332,"17":0.00126478,"18":0.0006298618,"19":0.0003132266}}