{"f1v1n4e20":{"0":6536.6020507812,"1":6536.6572265625,"2":6525.6176757812,"3":6514.55859375,"4":6503.4814453125,"5":6511.5014648438,"6":6486.2822265625,"7":6477.0219726562,"8":6548.3432617188,"9":6557.4926757812,"10":6566.6313476562,"11":6575.7573242188,"12":6579.8256835938,"13":6623.0102539062,"14":6664.4291992188,"15":6674.8168945312,"16":6676.1201171875,"17":6677.4208984375,"18":6678.7177734375,"19":6646.1577148438,"20":6672.03125,"21":6669.2734375,"22":6662.0546875,"23":6676.6572265625,"24":6691.2314453125,"25":6705.779296875,"26":6679.6020507812,"27":6696.3364257812,"28":6688.1142578125},"Y":{"0":7119.799805,"1":7101.9565433333,"2":7084.1132816667,"3":7066.27002,"4":7130.700195,"5":7100.899902,"6":7088.149902,"7":7209.620117,"8":7228.150065,"9":7246.680013,"10":7265.209961,"11":7266.899902,"12":7339.910156,"13":7404.970215,"14":7402.879883,"15":7405.6931966667,"16":7408.5065103333,"17":7411.319824,"18":7351.629883,"19":7398.299805,"20":7382.470215,"21":7354.339844,"22":7367.5732423333,"23":7380.8066406667,"24":7394.040039,"25":7378.459961,"26":7425.959961,"27":7424.430176,"28":7433.850098}}