{"f1v1n4e20_loss":{"0":0.1967968451,"1":0.0358767819,"2":0.0056123633,"3":0.0049787744,"4":0.0046303763,"5":0.0043919267,"6":0.0039114492,"7":0.003564138,"8":0.0032317941,"9":0.0027962568,"10":0.0023924141,"11":0.0021131432,"12":0.0017551104,"13":0.0014742181,"14":0.0012171962,"15":0.0010264461,"16":0.000824418,"17":0.0006795689,"18":0.0005624661,"19":0.0004710306},"f1v1n4e20val_loss":{"0":0.3239742358,"1":0.0729036905,"2":0.0498301587,"3":0.0450868121,"4":0.0372499777,"5":0.0347606461,"6":0.0378684581,"7":0.030745915,"8":0.0285066523,"9":0.0221907898,"10":0.0226727232,"11":0.0181200613,"12":0.0191995662,"13":0.0105312491,"14":0.0103823274,"15":0.0111203053,"16":0.0056588468,"17":0.0057084394,"18":0.0042986225,"19":0.0028804874}}