{"f2v7n2e20":{"0":20082.943359375,"1":20055.974609375,"2":20076.302734375,"3":20087.005859375,"4":20101.236328125,"5":20118.158203125,"6":20131.890625,"7":20170.30859375,"8":20216.09765625,"9":20248.994140625,"10":20267.83203125,"11":20285.12109375,"12":20300.818359375,"13":20309.63671875,"14":20326.734375,"15":20331.986328125,"16":20322.853515625,"17":20319.123046875,"18":20317.18359375,"19":20316.720703125,"20":20293.92578125,"21":20290.12890625},"Y":{"0":24262.509766,"1":24294.1132816667,"2":24325.7167973333,"3":24357.320313,"4":24360.210938,"5":24542.539063,"6":24739.529297,"7":24831.169922,"8":24853.9166666667,"9":24876.6634113333,"10":24899.410156,"11":24706.410156,"12":24768.929688,"13":24713.980469,"14":24715.089844,"15":24814.4895836667,"16":24913.8893233333,"17":25013.289063,"18":24834.410156,"19":24886.810547,"20":24811.759766,"21":24753.089844}}