{"f2v7n2e20_loss":{"0":0.5595911563,"1":0.0946086497,"2":0.0094988601,"3":0.0024964687,"4":0.0021999711,"5":0.0020905733,"6":0.001992642,"7":0.001901093,"8":0.0017677522,"9":0.0016474136,"10":0.001497238,"11":0.0014184506,"12":0.0012780267,"13":0.0011568329,"14":0.0010457268,"15":0.0009425712,"16":0.000852852,"17":0.0007661556,"18":0.0006731893,"19":0.0005924601},"f2v7n2e20val_loss":{"0":0.4814039711,"1":0.1230629676,"2":0.051352585,"3":0.0403416917,"4":0.0400329005,"5":0.0356992876,"6":0.0346541359,"7":0.0318750362,"8":0.0323089039,"9":0.029582804,"10":0.0268081594,"11":0.0268496554,"12":0.0247771763,"13":0.0247631152,"14":0.0245000087,"15":0.0202052952,"16":0.0197063952,"17":0.016877744,"18":0.0174109832,"19":0.0154867875}}