{"f1v7n4e20":{"0":1487.2271728516,"1":1484.8973388672,"2":1487.7954101562,"3":1489.1259765625,"4":1490.8206787109,"5":1492.7144775391,"6":1493.939453125,"7":1498.9552001953,"8":1505.2459716797,"9":1509.4128417969,"10":1513.0753173828,"11":1516.0513916016,"12":1518.4711914062,"13":1517.0814208984,"14":1517.9846191406,"15":1517.1466064453,"16":1516.392578125,"17":1517.3133544922,"18":1518.8114013672,"19":1520.8277587891,"20":1521.0130615234,"21":1522.2880859375,"22":1521.7248535156},"Y":{"0":1546.560059,"1":1565.599976,"2":1570.0499676667,"3":1574.4999593333,"4":1578.949951,"5":1586.390015,"6":1596.050049,"7":1603.709961,"8":1606.790039,"9":1604.6400146667,"10":1602.4899903333,"11":1600.339966,"12":1600.339966,"13":1616.369995,"14":1625.290039,"15":1626.630005,"16":1630.233317,"17":1633.836629,"18":1637.439941,"19":1625.23999,"20":1627.609985,"21":1628.219971,"22":1626.930054}}