{"f1v7n4e20":{"0":1412.1452636719,"1":1410.7763671875,"2":1411.7567138672,"3":1413.1027832031,"4":1414.6903076172,"5":1416.5194091797,"6":1418.8032226562,"7":1421.7838134766,"8":1425.7651367188,"9":1429.0026855469,"10":1431.1234130859,"11":1432.4320068359,"12":1433.0639648438,"13":1433.6274414062,"14":1435.4991455078,"15":1438.0202636719,"16":1440.0805664062,"17":1442.1884765625,"18":1444.3928222656,"19":1446.6024169922,"20":1446.9481201172,"21":1446.9813232422,"22":1446.8343505859},"Y":{"0":1546.560059,"1":1565.599976,"2":1570.0499676667,"3":1574.4999593333,"4":1578.949951,"5":1586.390015,"6":1596.050049,"7":1603.709961,"8":1606.790039,"9":1604.6400146667,"10":1602.4899903333,"11":1600.339966,"12":1600.339966,"13":1616.369995,"14":1625.290039,"15":1626.630005,"16":1630.233317,"17":1633.836629,"18":1637.439941,"19":1625.23999,"20":1627.609985,"21":1628.219971,"22":1626.930054}}