{"f1v7n4e20_loss":{"0":0.0649381818,"1":0.0025246326,"2":0.0022701324,"3":0.0021035005,"4":0.0019130462,"5":0.0018676204,"6":0.0017197468,"7":0.0015635781,"8":0.0015855517,"9":0.0017316857,"10":0.0013600119,"11":0.0013291693,"12":0.0013181254,"13":0.0012925543,"14":0.0012812565,"15":0.0011169889,"16":0.0011583781,"17":0.0011096555,"18":0.0009532035,"19":0.0009365635},"f1v7n4e20val_loss":{"0":0.0043989957,"1":0.0047607301,"2":0.0054561936,"3":0.0024375878,"4":0.0013796734,"5":0.001957491,"6":0.0022724398,"7":0.0013075857,"8":0.0014528439,"9":0.0003345502,"10":0.0006215719,"11":0.0003862044,"12":0.0005301604,"13":0.0002500012,"14":0.0003365023,"15":0.000244529,"16":0.0002648974,"17":0.0007478731,"18":0.0004706458,"19":0.0007497781}}