{"f1v7n4e20_loss":{"0":0.1808733855,"1":0.0087790686,"2":0.0065602598,"3":0.0057884843,"4":0.0047862685,"5":0.0033561562,"6":0.0023133906,"7":0.001418544,"8":0.0010149101,"9":0.0007346854,"10":0.000560253,"11":0.0005183025,"12":0.0004802473,"13":0.0004354562,"14":0.0004491931,"15":0.0004177281,"16":0.0003871169,"17":0.0003601558,"18":0.0003662229,"19":0.0003808758},"f1v7n4e20val_loss":{"0":0.1188235686,"1":0.0526292583,"2":0.0401307607,"3":0.0388302053,"4":0.0325460063,"5":0.0226090196,"6":0.0162238661,"7":0.0144825915,"8":0.0067329797,"9":0.0072972612,"10":0.0037959723,"11":0.0028087677,"12":0.0035194742,"13":0.0041864713,"14":0.0046023464,"15":0.0030131048,"16":0.005834472,"17":0.0030732967,"18":0.0045243707,"19":0.003805166}}