{"f15v15n2e20":{"0":20307.322265625},"Y":{"0":24753.089844}}