{"f15v15n2e20_loss":{"0":0.0200833578,"1":0.011823473,"2":0.0098930352,"3":0.0071800103,"4":0.0052013287,"5":0.003463889,"6":0.0021774546,"7":0.001662589,"8":0.0013383807,"9":0.0012597211,"10":0.0013131287,"11":0.0013540017,"12":0.0012515188,"13":0.0013742737,"14":0.0012636531,"15":0.0012564874,"16":0.0012422722,"17":0.0012743353,"18":0.0011890551,"19":0.0011739769},"f15v15n2e20val_loss":{"0":0.2181623409,"1":0.2149623291,"2":0.155890958,"3":0.1347059768,"4":0.1121809504,"5":0.0742015773,"6":0.0622322247,"7":0.0577232551,"8":0.0524088707,"9":0.0346400044,"10":0.0474841984,"11":0.0487409753,"12":0.0490984989,"13":0.0479370952,"14":0.0437317849,"15":0.0356516634,"16":0.0456626491,"17":0.0426924814,"18":0.0388931241,"19":0.0492560022}}