{"f15v7n2e20":{"0":1509.5283203125,"1":1508.6324462891,"2":1511.0930175781,"3":1513.134765625,"4":1515.0397949219,"5":1516.8857421875,"6":1518.36328125,"7":1521.3787841797,"8":1525.0727539062},"Y":{"0":1625.290039,"1":1626.630005,"2":1630.233317,"3":1633.836629,"4":1637.439941,"5":1625.23999,"6":1627.609985,"7":1628.219971,"8":1626.930054}}