{"f15v7n2e20_loss":{"0":0.0445449762,"1":0.0238226481,"2":0.0208399573,"3":0.0177663012,"4":0.0149635783,"5":0.0124965418,"6":0.0099192846,"7":0.0081295062,"8":0.0063886579,"9":0.0049540758,"10":0.0041464216,"11":0.0034067942,"12":0.0030039811,"13":0.0025860092,"14":0.0026239421,"15":0.002721114,"16":0.002646213,"17":0.0026154625,"18":0.0024947596,"19":0.0025991783},"f15v7n2e20val_loss":{"0":0.1576234269,"1":0.1557353422,"2":0.1345906852,"3":0.1044882277,"4":0.0887831649,"5":0.0674476239,"6":0.0432571056,"7":0.0341052641,"8":0.024177793,"9":0.0146628476,"10":0.0107002949,"11":0.0054549278,"12":0.0043428274,"13":0.0044613515,"14":0.0030900134,"15":0.0025148577,"16":0.0020952355,"17":0.0018757321,"18":0.002653194,"19":0.0019594398}}