{"f1v15n2e20":{"0":1406.3668212891,"1":1408.2374267578,"2":1408.9377441406,"3":1409.4869384766,"4":1410.009765625,"5":1408.8044433594,"6":1410.1381835938,"7":1410.3199462891,"8":1410.1085205078,"9":1409.8332519531,"10":1409.544921875,"11":1409.2572021484,"12":1408.6444091797,"13":1408.9028320312,"14":1409.029296875},"Y":{"0":1606.790039,"1":1604.6400146667,"2":1602.4899903333,"3":1600.339966,"4":1600.339966,"5":1616.369995,"6":1625.290039,"7":1626.630005,"8":1630.233317,"9":1633.836629,"10":1637.439941,"11":1625.23999,"12":1627.609985,"13":1628.219971,"14":1626.930054}}