{"f1v15n2e20_loss":{"0":0.378397714,"1":0.0134875304,"2":0.0043083856,"3":0.0036694635,"4":0.0031492476,"5":0.0027642482,"6":0.0025759912,"7":0.0024465708,"8":0.0022275338,"9":0.0023600923,"10":0.0022207858,"11":0.0020762591,"12":0.0021623848,"13":0.0020550285,"14":0.0019406126,"15":0.0017746266,"16":0.0018027481,"17":0.0017884185,"18":0.0016958718,"19":0.0016601541},"f1v15n2e20val_loss":{"0":0.155540246,"1":0.0247314452,"2":0.0157281796,"3":0.0118993519,"4":0.010665093,"5":0.0078970758,"6":0.0037412713,"7":0.0046234405,"8":0.0014406471,"9":0.0019646547,"10":0.0027477292,"11":0.0028508019,"12":0.0025181873,"13":0.0043125708,"14":0.003285123,"15":0.0068474412,"16":0.0030482432,"17":0.0041418663,"18":0.0030300009,"19":0.0053380725}}