{"f7v15n4e20":{"0":1357.1571044922,"1":1358.1265869141,"2":1358.3322753906,"3":1358.3770751953,"4":1358.3598632812,"5":1357.1008300781,"6":1359.1279296875,"7":1360.0694580078,"8":1359.7098388672},"Y":{"0":1625.290039,"1":1626.630005,"2":1630.233317,"3":1633.836629,"4":1637.439941,"5":1625.23999,"6":1627.609985,"7":1628.219971,"8":1626.930054}}