{"f7v15n4e20_loss":{"0":0.0928613317,"1":0.0123707003,"2":0.0103220282,"3":0.0081655503,"4":0.0069911796,"5":0.0060294552,"6":0.0058891024,"7":0.0051865441,"8":0.0050181509,"9":0.0051059545,"10":0.0043012918,"11":0.0041331615,"12":0.0039530551,"13":0.0036947035,"14":0.0040284739,"15":0.0037017494,"16":0.0036530178,"17":0.0034292223,"18":0.0035038043,"19":0.0032666272},"f7v15n4e20val_loss":{"0":0.0182729994,"1":0.0148348014,"2":0.0150880755,"3":0.0128339573,"4":0.0123952041,"5":0.0116514327,"6":0.0149803554,"7":0.0170405413,"8":0.023525255,"9":0.0260513115,"10":0.0198833535,"11":0.0290306439,"12":0.0339504296,"13":0.0223239355,"14":0.0312833753,"15":0.0367583631,"16":0.0248635767,"17":0.0319374222,"18":0.0298362077,"19":0.0313008815}}