{"f1v2n2e20":{"0":2464.1411132812,"1":2463.1064453125,"2":2460.8173828125,"3":2458.5219726562,"4":2460.3225097656,"5":2463.6472167969,"6":2461.0151367188,"7":2465.4211425781,"8":2476.7385253906,"9":2479.4125976562,"10":2482.0771484375,"11":2484.0827636719,"12":2488.5578613281,"13":2497.5932617188,"14":2502.5639648438,"15":2502.6474609375,"16":2502.6535644531,"17":2502.6591796875,"18":2500.1909179688,"19":2498.6704101562,"20":2503.0642089844,"21":2501.3996582031,"22":2500.1672363281,"23":2501.9526367188,"24":2503.728515625,"25":2504.1916503906,"26":2504.1696777344,"27":2507.6811523438},"Y":{"0":2662.623291,"1":2655.33667,"2":2648.050049,"3":2654.800049,"4":2635.669922,"5":2629.72998,"6":2663.419922,"7":2666.489909,"8":2669.559896,"9":2672.629883,"10":2671.919922,"11":2697.790039,"12":2723.070068,"13":2727.719971,"14":2728.523275,"15":2729.326579,"16":2730.129883,"17":2711.449951,"18":2722.459961,"19":2720.129883,"20":2712.969971,"21":2719.649984,"22":2726.329997,"23":2733.01001,"24":2724.439941,"25":2733.290039,"26":2727.76001,"27":2721.330078}}