{"f1v2n2e20_loss":{"0":0.4332373933,"1":0.1775320881,"2":0.0283498481,"3":0.0030739813,"4":0.0026560022,"5":0.0025319354,"6":0.0023979335,"7":0.0022417163,"8":0.0020975879,"9":0.0019244427,"10":0.0017747431,"11":0.0016175633,"12":0.001458141,"13":0.0013176324,"14":0.0011649108,"15":0.0010072463,"16":0.0008775527,"17":0.0007519405,"18":0.0006583197,"19":0.0005700834},"f1v2n2e20val_loss":{"0":0.5788164459,"1":0.2182324448,"2":0.0261329238,"3":0.0125745711,"4":0.0124814468,"5":0.0099024817,"6":0.0077766119,"7":0.0096901241,"8":0.0092816035,"9":0.0076561189,"10":0.0068834439,"11":0.006709091,"12":0.0059596356,"13":0.0065096031,"14":0.0046845196,"15":0.0042185734,"16":0.0041119852,"17":0.0036959207,"18":0.0037408477,"19":0.0034950892}}