{"f15v1n4e20":{"0":6959.08984375,"1":6965.3129882812,"2":6943.7373046875,"3":6922.1708984375,"4":6900.6127929688,"5":6950.396484375,"6":6906.4365234375,"7":6886.7387695312,"8":7005.9697265625,"9":7021.4155273438,"10":7036.8715820312,"11":7052.3413085938,"12":7053.3120117188,"13":7136.1733398438,"14":7212.76953125},"Y":{"0":7402.879883,"1":7405.6931966667,"2":7408.5065103333,"3":7411.319824,"4":7351.629883,"5":7398.299805,"6":7382.470215,"7":7354.339844,"8":7367.5732423333,"9":7380.8066406667,"10":7394.040039,"11":7378.459961,"12":7425.959961,"13":7424.430176,"14":7433.850098}}