{"f15v1n4e20_loss":{"0":0.0503917761,"1":0.0187915149,"2":0.0173047877,"3":0.0163648197,"4":0.015030131,"5":0.0135066923,"6":0.0118654556,"7":0.0108835632,"8":0.0094414314,"9":0.0082053774,"10":0.0068822537,"11":0.0057305793,"12":0.0045392977,"13":0.0036794836,"14":0.0029050996,"15":0.0022796495,"16":0.0016909282,"17":0.0013468933,"18":0.0011122238,"19":0.0009473637},"f15v1n4e20val_loss":{"0":0.1980398451,"1":0.1516780303,"2":0.1186264393,"3":0.131240833,"4":0.1247224248,"5":0.1139336787,"6":0.0692153413,"7":0.0937803774,"8":0.0618614853,"9":0.0533971444,"10":0.0491151614,"11":0.0359267814,"12":0.0288048353,"13":0.0220906181,"14":0.015366603,"15":0.0068514547,"16":0.0064433655,"17":0.0069833516,"18":0.0029946312,"19":0.002037709}}