{"f1v15n4e20":{"0":2448.5703125,"1":2451.4982910156,"2":2453.599609375,"3":2455.513671875,"4":2457.2214355469,"5":2453.5502929688,"6":2457.1257324219,"7":2456.4201660156,"8":2453.7099609375,"9":2453.9516601562,"10":2454.3452148438,"11":2454.9104003906,"12":2453.5239257812,"13":2457.6245117188,"14":2458.1042480469},"Y":{"0":2727.719971,"1":2728.523275,"2":2729.326579,"3":2730.129883,"4":2711.449951,"5":2722.459961,"6":2720.129883,"7":2712.969971,"8":2719.649984,"9":2726.329997,"10":2733.01001,"11":2724.439941,"12":2733.290039,"13":2727.76001,"14":2721.330078}}