{"f1v15n4e20_loss":{"0":0.0449619877,"1":0.0023686338,"2":0.0013328632,"3":0.0006925734,"4":0.0003526979,"5":0.0001967615,"6":0.0001510662,"7":0.0001519588,"8":0.0001384023,"9":0.0001461116,"10":0.0001362026,"11":0.0001473599,"12":0.000137415,"13":0.0001387101,"14":0.0001370177,"15":0.0001339068,"16":0.0001420626,"17":0.000122544,"18":0.0001281664,"19":0.0001259795},"f1v15n4e20val_loss":{"0":0.0310836149,"1":0.0250149529,"2":0.0182634676,"3":0.0114129385,"4":0.00836837,"5":0.0067787493,"6":0.0073804847,"7":0.0061870214,"8":0.0059167393,"9":0.0047620588,"10":0.0044461687,"11":0.0046495506,"12":0.0040681062,"13":0.0054041565,"14":0.0046597291,"15":0.0046753747,"16":0.0035294349,"17":0.0035529107,"18":0.0037742144,"19":0.0047884513}}