{"f2v2n4e20":{"0":1610.9526367188,"1":1608.9921875,"2":1606.30859375,"3":1603.6218261719,"4":1604.3385009766,"5":1601.8723144531,"6":1598.3179931641,"7":1611.3167724609,"8":1619.8021240234,"9":1622.7723388672,"10":1625.7398681641,"11":1627.9895019531,"12":1636.1651611328,"13":1646.9594726562,"14":1652.1978759766,"15":1653.1633300781,"16":1653.4001464844,"17":1653.6365966797,"18":1648.0526123047,"19":1650.9598388672,"20":1653.2768554688,"21":1652.0805664062,"22":1654.3071289062,"23":1658.3087158203,"24":1662.3061523438,"25":1658.0158691406,"26":1658.9213867188},"Y":{"0":1553.284973,"1":1551.8074645,"2":1550.329956,"3":1554.910034,"4":1546.560059,"5":1565.599976,"6":1570.0499676667,"7":1574.4999593333,"8":1578.949951,"9":1586.390015,"10":1596.050049,"11":1603.709961,"12":1606.790039,"13":1604.6400146667,"14":1602.4899903333,"15":1600.339966,"16":1600.339966,"17":1616.369995,"18":1625.290039,"19":1626.630005,"20":1630.233317,"21":1633.836629,"22":1637.439941,"23":1625.23999,"24":1627.609985,"25":1628.219971,"26":1626.930054}}