{"f2v2n4e20_loss":{"0":0.075333475,"1":0.0010596775,"2":0.0010248202,"3":0.0010159574,"4":0.000964331,"5":0.0009165387,"6":0.0008798119,"7":0.0008951117,"8":0.0008775155,"9":0.0008489915,"10":0.0008401668,"11":0.0007765605,"12":0.0008057192,"13":0.0007498653,"14":0.0007403259,"15":0.0008183038,"16":0.0007276964,"17":0.0007812721,"18":0.0007397512,"19":0.0007293799},"f2v2n4e20val_loss":{"0":0.00198116,"1":0.0003338736,"2":0.0004609794,"3":0.0002800568,"4":0.0002893219,"5":0.0002895915,"6":0.0003872351,"7":0.0004645987,"8":0.000801922,"9":0.0006065337,"10":0.0005139728,"11":0.0006338246,"12":0.0011446615,"13":0.0016359447,"14":0.002020279,"15":0.0006632837,"16":0.0009407402,"17":0.0007420777,"18":0.0016017367,"19":0.0012134917}}