{"f7v2n2e20":{"0":23852.666015625,"1":23825.15625,"2":23762.833984375,"3":23700.435546875,"4":23695.287109375,"5":23610.740234375,"6":23497.333984375,"7":23692.96875,"8":23860.875,"9":23893.337890625,"10":23925.8203125,"11":23937.56640625,"12":24054.12109375,"13":24279.142578125,"14":24412.8515625,"15":24449.373046875,"16":24467.294921875,"17":24485.17578125,"18":24388.73828125,"19":24352.251953125,"20":24354.576171875,"21":24297.119140625},"Y":{"0":24262.509766,"1":24294.1132816667,"2":24325.7167973333,"3":24357.320313,"4":24360.210938,"5":24542.539063,"6":24739.529297,"7":24831.169922,"8":24853.9166666667,"9":24876.6634113333,"10":24899.410156,"11":24706.410156,"12":24768.929688,"13":24713.980469,"14":24715.089844,"15":24814.4895836667,"16":24913.8893233333,"17":25013.289063,"18":24834.410156,"19":24886.810547,"20":24811.759766,"21":24753.089844}}