{"f7v2n2e20_loss":{"0":0.019045424,"1":0.0101955182,"2":0.0093481416,"3":0.0083502276,"4":0.0074225459,"5":0.0065118599,"6":0.0055823532,"7":0.0048615858,"8":0.0040481598,"9":0.0034043637,"10":0.0027944487,"11":0.0022312266,"12":0.0018000023,"13":0.0014467754,"14":0.0012136186,"15":0.0010189195,"16":0.000905377,"17":0.0008143526,"18":0.0007452624,"19":0.0007463949},"f7v2n2e20val_loss":{"0":0.1047200959,"1":0.0949001285,"2":0.0984893148,"3":0.0724655712,"4":0.0690204379,"5":0.0552239089,"6":0.0450415382,"7":0.0453971177,"8":0.0374850373,"9":0.0323335772,"10":0.0218500309,"11":0.0155633779,"12":0.0121159568,"13":0.0092768965,"14":0.0053474584,"15":0.0032638305,"16":0.002314884,"17":0.0025473301,"18":0.0009074096,"19":0.0017804193}}