{"f7v1n2e20":{"0":2285.3498535156,"1":2284.6945800781,"2":2283.1987304688,"3":2281.7014160156,"4":2280.2026367188,"5":2279.1018066406,"6":2277.8068847656,"7":2274.4270019531,"8":2287.4602050781,"9":2289.7006835938,"10":2291.9392089844,"11":2294.17578125,"12":2297.0102539062,"13":2304.0695800781,"14":2310.4946289062,"15":2312.9587402344,"16":2312.4743652344,"17":2311.990234375,"18":2311.5061035156,"19":2308.2778320312,"20":2315.5573730469,"21":2318.0751953125,"22":2318.25390625},"Y":{"0":2629.72998,"1":2663.419922,"2":2666.489909,"3":2669.559896,"4":2672.629883,"5":2671.919922,"6":2697.790039,"7":2723.070068,"8":2727.719971,"9":2728.523275,"10":2729.326579,"11":2730.129883,"12":2711.449951,"13":2722.459961,"14":2720.129883,"15":2712.969971,"16":2719.649984,"17":2726.329997,"18":2733.01001,"19":2724.439941,"20":2733.290039,"21":2727.76001,"22":2721.330078}}