{"f7v1n2e20_loss":{"0":0.0521055526,"1":0.0255825048,"2":0.022594529,"3":0.0219112303,"4":0.0213381009,"5":0.0204446123,"6":0.0196936415,"7":0.0191885104,"8":0.0183885263,"9":0.0174344868,"10":0.0167483102,"11":0.0159082023,"12":0.0150280293,"13":0.0141928181,"14":0.0132484834,"15":0.0123696439,"16":0.0116030396,"17":0.0106648305,"18":0.009757913,"19":0.0087307268},"f7v1n2e20val_loss":{"0":0.2119479707,"1":0.1436694127,"2":0.1273330163,"3":0.1235387018,"4":0.118699117,"5":0.114707402,"6":0.1048537915,"7":0.1010831812,"8":0.0918200699,"9":0.0914495342,"10":0.0796478467,"11":0.0808910568,"12":0.0704704658,"13":0.0726676686,"14":0.0628423274,"15":0.0560583006,"16":0.0548615577,"17":0.0486459178,"18":0.0472235222,"19":0.0416349927}}