{"f1v3n4e20":{"0":1350.2844238281,"1":1350.22265625,"2":1349.9354248047,"3":1349.1467285156,"4":1349.5662841797,"5":1349.0413818359,"6":1348.7025146484,"7":1349.5504150391,"8":1351.2176513672,"9":1351.8238525391,"10":1352.7827148438,"11":1353.3781738281,"12":1354.21875,"13":1355.7379150391,"14":1356.4713134766,"15":1356.3736572266,"16":1355.9946289062,"17":1356.3839111328,"18":1357.0854492188,"19":1358.40234375,"20":1359.9086914062,"21":1360.3299560547,"22":1360.5467529297,"23":1361.0726318359,"24":1360.8658447266,"25":1360.3387451172,"26":1360.0242919922},"Y":{"0":1553.284973,"1":1551.8074645,"2":1550.329956,"3":1554.910034,"4":1546.560059,"5":1565.599976,"6":1570.0499676667,"7":1574.4999593333,"8":1578.949951,"9":1586.390015,"10":1596.050049,"11":1603.709961,"12":1606.790039,"13":1604.6400146667,"14":1602.4899903333,"15":1600.339966,"16":1600.339966,"17":1616.369995,"18":1625.290039,"19":1626.630005,"20":1630.233317,"21":1633.836629,"22":1637.439941,"23":1625.23999,"24":1627.609985,"25":1628.219971,"26":1626.930054}}