{"f1v3n4e20_loss":{"0":0.6288016988,"1":0.2586289571,"2":0.0502765805,"3":0.0042553687,"4":0.002458804,"5":0.0023478986,"6":0.0023454747,"7":0.0022755931,"8":0.0022716127,"9":0.0021768882,"10":0.0021205708,"11":0.0020785697,"12":0.0020877633,"13":0.0020218981,"14":0.0019939816,"15":0.0019508067,"16":0.0021070901,"17":0.0018086657,"18":0.001842416,"19":0.0016941528},"f1v3n4e20val_loss":{"0":0.6949621961,"1":0.2538536899,"2":0.053981124,"3":0.0225731994,"4":0.0212103181,"5":0.0192416525,"6":0.0194710605,"7":0.0181835855,"8":0.018878642,"9":0.0156364782,"10":0.0159198535,"11":0.0161665199,"12":0.0148842489,"13":0.0170319623,"14":0.0146644191,"15":0.0150153328,"16":0.0140942475,"17":0.0128971365,"18":0.012550738,"19":0.0125774424}}