{"f1v1n4e20":{"0":2662.9963378906,"1":2662.2006835938,"2":2657.6794433594,"3":2653.1591796875,"4":2648.6398925781,"5":2649.2866210938,"6":2643.2902832031,"7":2635.2834472656,"8":2669.0700683594,"9":2674.4553222656,"10":2679.8393554688,"11":2685.2216796875,"12":2690.8383789062,"13":2710.6892089844,"14":2729.0207519531,"15":2734.6030273438,"16":2733.7802734375,"17":2732.9565429688,"18":2732.1318359375,"19":2721.4409179688,"20":2739.0048828125,"21":2743.4528808594,"22":2741.9812011719,"23":2749.0183105469,"24":2756.0522460938,"25":2763.0812988281,"26":2747.1850585938,"27":2753.6667480469,"28":2750.98046875},"Y":{"0":2669.909912,"1":2662.623291,"2":2655.33667,"3":2648.050049,"4":2654.800049,"5":2635.669922,"6":2629.72998,"7":2663.419922,"8":2666.489909,"9":2669.559896,"10":2672.629883,"11":2671.919922,"12":2697.790039,"13":2723.070068,"14":2727.719971,"15":2728.523275,"16":2729.326579,"17":2730.129883,"18":2711.449951,"19":2722.459961,"20":2720.129883,"21":2712.969971,"22":2719.649984,"23":2726.329997,"24":2733.01001,"25":2724.439941,"26":2733.290039,"27":2727.76001,"28":2721.330078}}