{"f1v1n4e20_loss":{"0":0.2094357115,"1":0.0243012474,"2":0.0026619318,"3":0.0022871608,"4":0.0021413003,"5":0.0019984629,"6":0.0018596682,"7":0.0017151685,"8":0.0015867084,"9":0.0014130441,"10":0.0012911819,"11":0.0011460574,"12":0.0010314733,"13":0.0009005815,"14":0.000790148,"15":0.0007067489,"16":0.0006222936,"17":0.0005645603,"18":0.0004969631,"19":0.0004745531},"f1v1n4e20val_loss":{"0":0.1928080906,"1":0.0228955395,"2":0.0105583626,"3":0.0088313883,"4":0.0084288771,"5":0.00991046,"6":0.0060784029,"7":0.0064482318,"8":0.0057953593,"9":0.0050190047,"10":0.0031472845,"11":0.0024857236,"12":0.0024179239,"13":0.0016656373,"14":0.0007537759,"15":0.0005692412,"16":0.0005634445,"17":0.0005250228,"18":0.0002804288,"19":0.0001532655}}