{"f7v15n4e20":{"0":2402.8505859375,"1":2405.7770996094,"2":2407.1691894531,"3":2408.0751953125,"4":2408.6943359375,"5":2406.375,"6":2408.8244628906,"7":2409.6428222656,"8":2409.0192871094},"Y":{"0":2720.129883,"1":2712.969971,"2":2719.649984,"3":2726.329997,"4":2733.01001,"5":2724.439941,"6":2733.290039,"7":2727.76001,"8":2721.330078}}