{"f7v15n4e20_loss":{"0":0.025619979,"1":0.0192224281,"2":0.0144450383,"3":0.0091053922,"4":0.0048141455,"5":0.0023908717,"6":0.0017787278,"7":0.0015823782,"8":0.0014932166,"9":0.0014190078,"10":0.0016910957,"11":0.0014561162,"12":0.0012891894,"13":0.0012739589,"14":0.001164912,"15":0.0012059494,"16":0.0011818801,"17":0.0011176099,"18":0.0011282443,"19":0.0011142371},"f7v15n4e20val_loss":{"0":0.1655761619,"1":0.1414863624,"2":0.0927081506,"3":0.062368894,"4":0.0447368273,"5":0.037602923,"6":0.0382367353,"7":0.0310731678,"8":0.0338568659,"9":0.0350908676,"10":0.0336317353,"11":0.0333872318,"12":0.0267696722,"13":0.0309808989,"14":0.0267100801,"15":0.0227615969,"16":0.0361260136,"17":0.0203350906,"18":0.0257234017,"19":0.0206320427}}