{"f1v1n2e20":{"0":2696.8391113281,"1":2696.6037597656,"2":2691.7299804688,"3":2686.8510742188,"4":2681.966796875,"5":2687.6472167969,"6":2678.5720214844,"7":2673.259765625,"8":2706.8688964844,"9":2711.7221679688,"10":2716.5749511719,"11":2721.4260253906,"12":2724.3039550781,"13":2744.3618164062,"14":2763.048828125,"15":2766.9995117188,"16":2767.1462402344,"17":2767.2902832031,"18":2767.4318847656,"19":2753.5239257812,"20":2767.7268066406,"21":2767.7451171875,"22":2764.1164550781,"23":2770.3850097656,"24":2776.6452636719,"25":2782.8952636719,"26":2770.9658203125,"27":2779.4875488281,"28":2776.7827148438},"Y":{"0":2669.909912,"1":2662.623291,"2":2655.33667,"3":2648.050049,"4":2654.800049,"5":2635.669922,"6":2629.72998,"7":2663.419922,"8":2666.489909,"9":2669.559896,"10":2672.629883,"11":2671.919922,"12":2697.790039,"13":2723.070068,"14":2727.719971,"15":2728.523275,"16":2729.326579,"17":2730.129883,"18":2711.449951,"19":2722.459961,"20":2720.129883,"21":2712.969971,"22":2719.649984,"23":2726.329997,"24":2733.01001,"25":2724.439941,"26":2733.290039,"27":2727.76001,"28":2721.330078}}