{"f1v1n2e20_loss":{"0":0.2237292855,"1":0.0315456212,"2":0.0028598874,"3":0.0021919882,"4":0.0020778864,"5":0.0019322376,"6":0.0017917027,"7":0.0016627035,"8":0.0015125264,"9":0.001353451,"10":0.0012014549,"11":0.0010734386,"12":0.0009294955,"13":0.0008078298,"14":0.0007178222,"15":0.0006221368,"16":0.000504957,"17":0.0004267616,"18":0.0003636698,"19":0.0003064863},"f1v1n2e20val_loss":{"0":0.219089806,"1":0.0285385315,"2":0.01244369,"3":0.0090861568,"4":0.0086261537,"5":0.0078472401,"6":0.0073429655,"7":0.0057683029,"8":0.005051137,"9":0.0041234415,"10":0.0035597501,"11":0.002454219,"12":0.001887413,"13":0.0021574134,"14":0.0011806439,"15":0.00068932,"16":0.0003251168,"17":0.0001373007,"18":0.0000959955,"19":0.0000447369}}