{"f7v7n2e20":{"0":2347.6730957031,"1":2347.228515625,"2":2349.9626464844,"3":2350.5224609375,"4":2351.1188964844,"5":2351.865234375,"6":2352.1013183594,"7":2354.7375488281,"8":2357.888671875,"9":2359.1838378906,"10":2360.0422363281,"11":2360.8383789062,"12":2361.6030273438,"13":2360.3059082031,"14":2360.9748535156,"15":2360.41015625,"16":2359.8901367188},"Y":{"0":2697.790039,"1":2723.070068,"2":2727.719971,"3":2728.523275,"4":2729.326579,"5":2730.129883,"6":2711.449951,"7":2722.459961,"8":2720.129883,"9":2712.969971,"10":2719.649984,"11":2726.329997,"12":2733.01001,"13":2724.439941,"14":2733.290039,"15":2727.76001,"16":2721.330078}}