{"f7v7n2e20_loss":{"0":0.0709912423,"1":0.0345211237,"2":0.0301592953,"3":0.0283746328,"4":0.0258094157,"5":0.0224685391,"6":0.0181228534,"7":0.0133861289,"8":0.008532386,"9":0.0037714251,"10":0.0013358061,"11":0.000766843,"12":0.0008055022,"13":0.0008035018,"14":0.0007036923,"15":0.0007836888,"16":0.0007326114,"17":0.0007484591,"18":0.0007021717,"19":0.0007644825},"f7v7n2e20val_loss":{"0":0.2955290099,"1":0.2113006814,"2":0.1937457602,"3":0.1811850065,"4":0.1750898228,"5":0.1519118213,"6":0.1180392932,"7":0.0889315267,"8":0.0566043057,"9":0.0394186945,"10":0.0261421433,"11":0.0222947607,"12":0.0243472701,"13":0.0243639279,"14":0.0252542248,"15":0.0238035395,"16":0.0247810515,"17":0.0256170946,"18":0.022867141,"19":0.0234030377}}