{"f15v7n4e20":{"0":2503.2556152344,"1":2501.0434570312,"2":2505.3894042969,"3":2508.1804199219,"4":2510.7849121094,"5":2513.5405273438,"6":2516.0817871094,"7":2520.3681640625,"8":2525.3244628906},"Y":{"0":2720.129883,"1":2712.969971,"2":2719.649984,"3":2726.329997,"4":2733.01001,"5":2724.439941,"6":2733.290039,"7":2727.76001,"8":2721.330078}}