{"f15v7n4e20_loss":{"0":0.1446095732,"1":0.0183005185,"2":0.0155929287,"3":0.0114069713,"4":0.0077412029,"5":0.0052921552,"6":0.0035451167,"7":0.0028041812,"8":0.0023039777,"9":0.0020212764,"10":0.0021189643,"11":0.0018435337,"12":0.0017983847,"13":0.0017197393,"14":0.0016227996,"15":0.0016431717,"16":0.0016213795,"17":0.001373498,"18":0.0015699036,"19":0.00128713},"f15v7n4e20val_loss":{"0":0.1094215422,"1":0.0910982563,"2":0.0632599878,"3":0.0247085869,"4":0.018531129,"5":0.0103813307,"6":0.0019371797,"7":0.0026728377,"8":0.001496509,"9":0.0015505391,"10":0.0017435725,"11":0.0021027663,"12":0.0031407056,"13":0.0036031731,"14":0.0035211763,"15":0.0044744686,"16":0.004837879,"17":0.0083354583,"18":0.0083838208,"19":0.0076349645}}