{"f2v1n4e20":{"0":2785.8706054688,"1":2783.9829101562,"2":2779.5554199219,"3":2775.1303710938,"4":2770.7055664062,"5":2776.0744628906,"6":2774.2375488281,"7":2764.6828613281,"8":2804.5368652344,"9":2811.8811035156,"10":2819.2238769531,"11":2826.5651855469,"12":2834.2705078125,"13":2855.8229980469,"14":2874.6975097656,"15":2879.1198730469,"16":2877.7814941406,"17":2876.4428710938,"18":2875.1037597656,"19":2864.2619628906,"20":2887.0095214844,"21":2892.7465820312,"22":2890.7580566406,"23":2897.7626953125,"24":2904.7692871094,"25":2911.7790527344,"26":2894.4228515625,"27":2903.6457519531},"Y":{"0":2662.623291,"1":2655.33667,"2":2648.050049,"3":2654.800049,"4":2635.669922,"5":2629.72998,"6":2663.419922,"7":2666.489909,"8":2669.559896,"9":2672.629883,"10":2671.919922,"11":2697.790039,"12":2723.070068,"13":2727.719971,"14":2728.523275,"15":2729.326579,"16":2730.129883,"17":2711.449951,"18":2722.459961,"19":2720.129883,"20":2712.969971,"21":2719.649984,"22":2726.329997,"23":2733.01001,"24":2724.439941,"25":2733.290039,"26":2727.76001,"27":2721.330078}}