{"f2v1n4e20_loss":{"0":0.2213930455,"1":0.011115123,"2":0.0016503322,"3":0.0015523456,"4":0.0014695563,"5":0.0013369805,"6":0.001261783,"7":0.0011508555,"8":0.0010487596,"9":0.0009658544,"10":0.0008768093,"11":0.0008103011,"12":0.0007116374,"13":0.0006646334,"14":0.0006119647,"15":0.0005609754,"16":0.0005682807,"17":0.0004972889,"18":0.000507628,"19":0.0004929511},"f2v1n4e20val_loss":{"0":0.127794037,"1":0.0051422422,"2":0.0034562434,"3":0.0037860605,"4":0.0034703611,"5":0.0018518587,"6":0.0038730362,"7":0.0019076318,"8":0.0009205332,"9":0.0007282076,"10":0.0005275728,"11":0.0003182982,"12":0.000193333,"13":0.0002456722,"14":0.0001433534,"15":0.0003038142,"16":0.0001707813,"17":0.0005358679,"18":0.0007007182,"19":0.0005472111}}