{"f7v1n4e20":{"0":21677.908203125,"1":21675.61328125,"2":21645.318359375,"3":21615.009765625,"4":21584.681640625,"5":21606.802734375,"6":21561.14453125,"7":21514.630859375,"8":21728.669921875,"9":21761.529296875,"10":21794.361328125,"11":21827.1640625,"12":21855.5625,"13":21983.869140625,"14":22102.00390625,"15":22131.37109375,"16":22128.189453125,"17":22125.00390625,"18":22121.814453125,"19":22046.373046875,"20":22150.23828125,"21":22168.078125,"22":22151.12109375},"Y":{"0":23930.150391,"1":24262.509766,"2":24294.1132816667,"3":24325.7167973333,"4":24357.320313,"5":24360.210938,"6":24542.539063,"7":24739.529297,"8":24831.169922,"9":24853.9166666667,"10":24876.6634113333,"11":24899.410156,"12":24706.410156,"13":24768.929688,"14":24713.980469,"15":24715.089844,"16":24814.4895836667,"17":24913.8893233333,"18":25013.289063,"19":24834.410156,"20":24886.810547,"21":24811.759766,"22":24753.089844}}