{"f7v1n4e20_loss":{"0":0.0334326783,"1":0.0154554031,"2":0.0145687765,"3":0.0140779124,"4":0.0129707251,"5":0.011727089,"6":0.0112524439,"7":0.0101915348,"8":0.0091992507,"9":0.0084018378,"10":0.0073813812,"11":0.0065771279,"12":0.0059648895,"13":0.0049717545,"14":0.0042097877,"15":0.0035184303,"16":0.0028305927,"17":0.0023194863,"18":0.0018969145,"19":0.0015557837},"f7v1n4e20val_loss":{"0":0.2128540735,"1":0.1933405005,"2":0.1660940838,"3":0.1620876812,"4":0.1502197626,"5":0.1680958082,"6":0.1496745301,"7":0.1404564208,"8":0.113787811,"9":0.0991098357,"10":0.1011458085,"11":0.105778427,"12":0.0929794637,"13":0.0711958363,"14":0.0688742962,"15":0.0525929812,"16":0.0439278724,"17":0.0355248475,"18":0.032853216,"19":0.0240896994}}