{"f1v2n4e20":{"0":21922.525390625,"1":21914.5625,"2":21892.615234375,"3":21870.603515625,"4":21867.294921875,"5":21879.876953125,"6":21836.142578125,"7":21887.50390625,"8":21990.482421875,"9":22013.8046875,"10":22037.08984375,"11":22059.744140625,"12":22100.150390625,"13":22186.314453125,"14":22237.58203125,"15":22243.767578125,"16":22243.232421875,"17":22242.69140625,"18":22225.837890625,"19":22223.130859375,"20":22260.806640625,"21":22251.798828125,"22":22251.62109375,"23":22276.0703125,"24":22300.41796875,"25":22290.6640625,"26":22280.857421875,"27":22300.71875},"Y":{"0":24261.843099,"1":24212.496745,"2":24163.150391,"3":24099.050781,"4":23924.980469,"5":23930.150391,"6":24262.509766,"7":24294.1132816667,"8":24325.7167973333,"9":24357.320313,"10":24360.210938,"11":24542.539063,"12":24739.529297,"13":24831.169922,"14":24853.9166666667,"15":24876.6634113333,"16":24899.410156,"17":24706.410156,"18":24768.929688,"19":24713.980469,"20":24715.089844,"21":24814.4895836667,"22":24913.8893233333,"23":25013.289063,"24":24834.410156,"25":24886.810547,"26":24811.759766,"27":24753.089844}}