{"f1v2n4e20_loss":{"0":0.294983814,"1":0.0173910993,"2":0.0007208917,"3":0.0006693586,"4":0.00062355,"5":0.0005745503,"6":0.0005233238,"7":0.0004759735,"8":0.0004223596,"9":0.0003801515,"10":0.0003371328,"11":0.0003106278,"12":0.0002639003,"13":0.0002423678,"14":0.0002099771,"15":0.0001969428,"16":0.0001764408,"17":0.0001796759,"18":0.0001737858,"19":0.0001639982},"f1v2n4e20val_loss":{"0":0.2069263306,"1":0.018118176,"2":0.0137320478,"3":0.0135509896,"4":0.0128265583,"5":0.0122609589,"6":0.0106034492,"7":0.0094079664,"8":0.009554709,"9":0.00880986,"10":0.0083103031,"11":0.0087565284,"12":0.0073406987,"13":0.0067886539,"14":0.0059390655,"15":0.0061024638,"16":0.0053323338,"17":0.0046089441,"18":0.0051899803,"19":0.0051482614}}