{"f7v2n4e20":{"0":1562.0330810547,"1":1560.3629150391,"2":1557.5721435547,"3":1554.7849121094,"4":1553.4237060547,"5":1552.0086669922,"6":1548.8852539062,"7":1555.4534912109,"8":1566.4500732422,"9":1570.228515625,"10":1574.0078125,"11":1578.3814697266,"12":1588.6748046875,"13":1601.1430664062,"14":1607.7230224609,"15":1608.30859375,"16":1606.5700683594,"17":1604.8278808594,"18":1601.59765625,"19":1608.2365722656,"20":1618.5301513672,"21":1622.5278320312},"Y":{"0":1565.599976,"1":1570.0499676667,"2":1574.4999593333,"3":1578.949951,"4":1586.390015,"5":1596.050049,"6":1603.709961,"7":1606.790039,"8":1604.6400146667,"9":1602.4899903333,"10":1600.339966,"11":1600.339966,"12":1616.369995,"13":1625.290039,"14":1626.630005,"15":1630.233317,"16":1633.836629,"17":1637.439941,"18":1625.23999,"19":1627.609985,"20":1628.219971,"21":1626.930054}}