{"f7v2n4e20_loss":{"0":0.1189537741,"1":0.024619169,"2":0.0227260173,"3":0.0219705665,"4":0.0195893192,"5":0.0179465478,"6":0.0160739297,"7":0.0147714992,"8":0.0124349412,"9":0.0107708889,"10":0.0091611976,"11":0.0074873389,"12":0.0061985836,"13":0.0049480373,"14":0.0036815161,"15":0.0029268918,"16":0.002169661,"17":0.0017467111,"18":0.0014324104,"19":0.001266907},"f7v2n4e20val_loss":{"0":0.2114112292,"1":0.149703945,"2":0.1230249531,"3":0.1201153881,"4":0.1033344032,"5":0.0978611253,"6":0.0990563095,"7":0.0858850779,"8":0.0640425197,"9":0.0562288662,"10":0.0423824467,"11":0.0362598126,"12":0.0171123349,"13":0.0193252408,"14":0.0119745867,"15":0.0076005351,"16":0.0054215433,"17":0.002233964,"18":0.0030192815,"19":0.001038317}}