{"f15v15n4e20":{"0":1469.2805175781},"Y":{"0":1626.930054}}