{"f15v15n4e20_loss":{"0":0.0373251854,"1":0.0225819842,"2":0.0192641704,"3":0.0125248643,"4":0.0077664249,"5":0.004559019,"6":0.0037372507,"7":0.0033487196,"8":0.0031725222,"9":0.0034140838,"10":0.0029099135,"11":0.0028112469,"12":0.0030227357,"13":0.0026237408,"14":0.0023382392,"15":0.0026936524,"16":0.0026145381,"17":0.002304744,"18":0.0026582303,"19":0.0027754449},"f15v15n4e20val_loss":{"0":0.1086641451,"1":0.1360890822,"2":0.0669317093,"3":0.0245986748,"4":0.0044011145,"5":0.0018988981,"6":0.0022876654,"7":0.0040707593,"8":0.0018832493,"9":0.0032326838,"10":0.0055565275,"11":0.0079289093,"12":0.0085685278,"13":0.0042533261,"14":0.0029497931,"15":0.0034228901,"16":0.0061080682,"17":0.0025031744,"18":0.0053600794,"19":0.0080951026}}