{"f2v15n2e20":{"0":19519.9453125,"1":19511.4375,"2":19511.029296875,"3":19516.09765625,"4":19524.265625,"5":19528.02734375,"6":19525.923828125,"7":19517.09375,"8":19506.375,"9":19496.310546875,"10":19487.947265625,"11":19481.427734375,"12":19494.72265625,"13":19510.6640625},"Y":{"0":24853.9166666667,"1":24876.6634113333,"2":24899.410156,"3":24706.410156,"4":24768.929688,"5":24713.980469,"6":24715.089844,"7":24814.4895836667,"8":24913.8893233333,"9":25013.289063,"10":24834.410156,"11":24886.810547,"12":24811.759766,"13":24753.089844}}