{"f2v15n2e20_loss":{"0":0.5286035369,"1":0.004743833,"2":0.0018097232,"3":0.0016117711,"4":0.001399603,"5":0.0012602929,"6":0.0010600472,"7":0.0009170307,"8":0.000737851,"9":0.0006333104,"10":0.0005310755,"11":0.0004501556,"12":0.0003548067,"13":0.0002932,"14":0.0002543454,"15":0.0002049922,"16":0.0001638467,"17":0.0001311116,"18":0.0001185526,"19":0.000102813},"f2v15n2e20val_loss":{"0":0.1212953266,"1":0.045809972,"2":0.0452148829,"3":0.0441875342,"4":0.0420900678,"5":0.0381454434,"6":0.0382885717,"7":0.0391911904,"8":0.0333623654,"9":0.0311623426,"10":0.0323942752,"11":0.0302855904,"12":0.0272281427,"13":0.0262368874,"14":0.0253575424,"15":0.0232211218,"16":0.0212705683,"17":0.0203036613,"18":0.0199688348,"19":0.0190581482}}