{"f1v15n4e20":{"0":1496.2531738281,"1":1498.2862548828,"2":1499.6839599609,"3":1500.8415527344,"4":1501.7678222656,"5":1503.0677490234,"6":1505.9993896484,"7":1508.3498535156,"8":1509.8048095703,"9":1511.0797119141,"10":1512.328125,"11":1513.6038818359,"12":1512.7463378906,"13":1513.1628417969,"14":1513.6550292969},"Y":{"0":1606.790039,"1":1604.6400146667,"2":1602.4899903333,"3":1600.339966,"4":1600.339966,"5":1616.369995,"6":1625.290039,"7":1626.630005,"8":1630.233317,"9":1633.836629,"10":1637.439941,"11":1625.23999,"12":1627.609985,"13":1628.219971,"14":1626.930054}}