{"f1v15n4e20_loss":{"0":0.0168845719,"1":0.0040303218,"2":0.0017828056,"3":0.00082376,"4":0.0005310597,"5":0.0004070537,"6":0.0003602742,"7":0.0003807055,"8":0.0003522577,"9":0.0003760928,"10":0.0003494877,"11":0.0003265988,"12":0.0003049641,"13":0.0002821624,"14":0.0002626853,"15":0.000263179,"16":0.0002592395,"17":0.0002556082,"18":0.0002287749,"19":0.0002126459},"f1v15n4e20val_loss":{"0":0.0417374661,"1":0.0249914819,"2":0.0146483319,"3":0.0075490197,"4":0.003442327,"5":0.0029303353,"6":0.0041381215,"7":0.0030933914,"8":0.0029516138,"9":0.0020309145,"10":0.0019424947,"11":0.0020897364,"12":0.0018383479,"13":0.0027342383,"14":0.0019731946,"15":0.0020523916,"16":0.0016350463,"17":0.00138591,"18":0.0008461854,"19":0.0008871236}}