{"f15v2n2e20":{"0":6986.3984375,"1":6979.580078125,"2":6964.8203125,"3":6950.041015625,"4":6964.3305664062,"5":6977.1328125,"6":6959.69140625,"7":7002.0991210938,"8":7061.9252929688,"9":7076.09765625,"10":7090.2392578125,"11":7097.3266601562,"12":7124.3442382812,"13":7180.0483398438},"Y":{"0":7405.6931966667,"1":7408.5065103333,"2":7411.319824,"3":7351.629883,"4":7398.299805,"5":7382.470215,"6":7354.339844,"7":7367.5732423333,"8":7380.8066406667,"9":7394.040039,"10":7378.459961,"11":7425.959961,"12":7424.430176,"13":7433.850098}}