{"f15v2n2e20_loss":{"0":0.1251636884,"1":0.0403256579,"2":0.02760914,"3":0.0260550542,"4":0.0250809277,"5":0.0239684101,"6":0.0227971705,"7":0.0215283197,"8":0.0198003855,"9":0.0184543436,"10":0.0169572743,"11":0.0145620729,"12":0.0128909177,"13":0.0107252751,"14":0.0085703302,"15":0.0064685822,"16":0.004548428,"17":0.003166667,"18":0.0020635719,"19":0.0013062403},"f15v2n2e20val_loss":{"0":0.4415435088,"1":0.2824034182,"2":0.2348687339,"3":0.2104176974,"4":0.2070079955,"5":0.1905982575,"6":0.1883309094,"7":0.1698726944,"8":0.1816111197,"9":0.1501784936,"10":0.1100023925,"11":0.1229918692,"12":0.0869414213,"13":0.0580567988,"14":0.03847784,"15":0.0335924759,"16":0.0159559071,"17":0.0078275676,"18":0.0031943494,"19":0.0015742781}}