{"f7v15n2e20":{"0":1277.5257568359,"1":1276.826171875,"2":1276.3894042969,"3":1276.0891113281,"4":1275.8619384766,"5":1276.4920654297,"6":1276.6560058594,"7":1277.09375,"8":1277.484375},"Y":{"0":1625.290039,"1":1626.630005,"2":1630.233317,"3":1633.836629,"4":1637.439941,"5":1625.23999,"6":1627.609985,"7":1628.219971,"8":1626.930054}}