{"f7v15n2e20_loss":{"0":0.3422519288,"1":0.0845809058,"2":0.0357594718,"3":0.0325642373,"4":0.0315356832,"5":0.0298017841,"6":0.0286530975,"7":0.0262337138,"8":0.024254027,"9":0.0217103653,"10":0.0188232269,"11":0.0155050742,"12":0.0118088624,"13":0.0085179864,"14":0.0070384753,"15":0.0058104646,"16":0.0051771874,"17":0.0052214601,"18":0.0046001288,"19":0.0046595621},"f7v15n2e20val_loss":{"0":0.6376076475,"1":0.3034941861,"2":0.2042513331,"3":0.1854532992,"4":0.196075608,"5":0.1668989141,"6":0.1611363083,"7":0.1423158756,"8":0.1319022496,"9":0.1166635763,"10":0.0972854412,"11":0.076307199,"12":0.0630054533,"13":0.0429010453,"14":0.0386595496,"15":0.0386767627,"16":0.0425995966,"17":0.0465846428,"18":0.0568085697,"19":0.05647273}}