{"f1v2n4e20":{"0":6880.2172851562,"1":6871.6899414062,"2":6856.7578125,"3":6841.8100585938,"4":6842.3173828125,"5":6831.7646484375,"6":6810.150390625,"7":6858.0249023438,"8":6912.9057617188,"9":6926.8891601562,"10":6940.861328125,"11":6951.2299804688,"12":6987.0966796875,"13":7045.580078125,"14":7079.1098632812,"15":7086.1811523438,"16":7087.5571289062,"17":7088.931640625,"18":7065.5541992188,"19":7066.0673828125,"20":7083.0146484375,"21":7076.4853515625,"22":7082.7524414062,"23":7102.6591796875,"24":7122.001953125,"25":7112.2001953125,"26":7107.45703125,"27":7113.6528320312},"Y":{"0":7101.9565433333,"1":7084.1132816667,"2":7066.27002,"3":7130.700195,"4":7100.899902,"5":7088.149902,"6":7209.620117,"7":7228.150065,"8":7246.680013,"9":7265.209961,"10":7266.899902,"11":7339.910156,"12":7404.970215,"13":7402.879883,"14":7405.6931966667,"15":7408.5065103333,"16":7411.319824,"17":7351.629883,"18":7398.299805,"19":7382.470215,"20":7354.339844,"21":7367.5732423333,"22":7380.8066406667,"23":7394.040039,"24":7378.459961,"25":7425.959961,"26":7424.430176,"27":7433.850098}}