{"f1v2n4e20_loss":{"0":0.1715380535,"1":0.0125846168,"2":0.0055884302,"3":0.00516984,"4":0.0047367902,"5":0.0038768911,"6":0.0038231874,"7":0.0033346889,"8":0.0027936366,"9":0.0023368289,"10":0.0018563071,"11":0.0015376221,"12":0.0012009135,"13":0.0010312116,"14":0.0007656432,"15":0.0006298022,"16":0.0004917494,"17":0.0004505615,"18":0.0003909137,"19":0.000367702},"f1v2n4e20val_loss":{"0":0.1927744711,"1":0.0555933301,"2":0.0471840825,"3":0.040622264,"4":0.0347009186,"5":0.0462002371,"6":0.0269277509,"7":0.0248759859,"8":0.0207293063,"9":0.0169199488,"10":0.0112620613,"11":0.0102856108,"12":0.0080322513,"13":0.0046742275,"14":0.0023513442,"15":0.0027570613,"16":0.0024112573,"17":0.000715852,"18":0.0008252764,"19":0.0005536837}}