{"f7v2n4e20":{"0":23350.681640625,"1":23324.197265625,"2":23286.794921875,"3":23249.37890625,"4":23244.68359375,"5":23219.814453125,"6":23166.94921875,"7":23316.779296875,"8":23466.48828125,"9":23513.7265625,"10":23560.943359375,"11":23605.302734375,"12":23720.9453125,"13":23878.724609375,"14":23967.025390625,"15":23983.544921875,"16":23980.208984375,"17":23976.8671875,"18":23914.37890625,"19":23955.94921875,"20":24027.658203125,"21":24029.572265625},"Y":{"0":24262.509766,"1":24294.1132816667,"2":24325.7167973333,"3":24357.320313,"4":24360.210938,"5":24542.539063,"6":24739.529297,"7":24831.169922,"8":24853.9166666667,"9":24876.6634113333,"10":24899.410156,"11":24706.410156,"12":24768.929688,"13":24713.980469,"14":24715.089844,"15":24814.4895836667,"16":24913.8893233333,"17":25013.289063,"18":24834.410156,"19":24886.810547,"20":24811.759766,"21":24753.089844}}