{"f7v2n4e20_loss":{"0":0.0278264828,"1":0.0130197287,"2":0.0114577043,"3":0.0098466388,"4":0.0084493552,"5":0.006891517,"6":0.0056773736,"7":0.0046149332,"8":0.0037380801,"9":0.0027813546,"10":0.0021805172,"11":0.0017463603,"12":0.0012782604,"13":0.0010679446,"14":0.0009404053,"15":0.0008140298,"16":0.0007519698,"17":0.0008505454,"18":0.0007831492,"19":0.0007154363},"f7v2n4e20val_loss":{"0":0.142367634,"1":0.1446728763,"2":0.1170022763,"3":0.0885344002,"4":0.0974336199,"5":0.0852039222,"6":0.0650601533,"7":0.0598145418,"8":0.0341106076,"9":0.0394568718,"10":0.0212357182,"11":0.0214619379,"12":0.0153898839,"13":0.0116100642,"14":0.0076749552,"15":0.0072087936,"16":0.0034512171,"17":0.0066140233,"18":0.0041431784,"19":0.0050075987}}