{"f1v1n4e20":{"0":21690.728515625,"1":21693.412109375,"2":21661.583984375,"3":21629.712890625,"4":21597.802734375,"5":21640.78515625,"6":21585.365234375,"7":21544.1875,"8":21747.685546875,"9":21776.984375,"10":21806.251953125,"11":21835.4921875,"12":21853.513671875,"13":21982.189453125,"14":22100.4375,"15":22121.220703125,"16":22120.10546875,"17":22118.984375,"18":22117.853515625,"19":22036.626953125,"20":22128.19140625,"21":22134.3515625,"22":22106.931640625,"23":22141.947265625,"24":22176.904296875,"25":22211.810546875,"26":22146.884765625,"27":22199.599609375,"28":22184.8046875},"Y":{"0":24311.189453,"1":24261.843099,"2":24212.496745,"3":24163.150391,"4":24099.050781,"5":23924.980469,"6":23930.150391,"7":24262.509766,"8":24294.1132816667,"9":24325.7167973333,"10":24357.320313,"11":24360.210938,"12":24542.539063,"13":24739.529297,"14":24831.169922,"15":24853.9166666667,"16":24876.6634113333,"17":24899.410156,"18":24706.410156,"19":24768.929688,"20":24713.980469,"21":24715.089844,"22":24814.4895836667,"23":24913.8893233333,"24":25013.289063,"25":24834.410156,"26":24886.810547,"27":24811.759766,"28":24753.089844}}