{"f1v1n4e20_loss":{"0":0.1282887972,"1":0.0081434671,"2":0.000970727,"3":0.0009143227,"4":0.000849681,"5":0.0007625757,"6":0.0007033401,"7":0.0006283519,"8":0.0005663077,"9":0.000504227,"10":0.0004394637,"11":0.0003739026,"12":0.0003381296,"13":0.0003023823,"14":0.0002714493,"15":0.0002435767,"16":0.000213345,"17":0.0002015887,"18":0.0001955643,"19":0.0001874851},"f1v1n4e20val_loss":{"0":0.1265787252,"1":0.0258949347,"2":0.0213300081,"3":0.0209704328,"4":0.0206096084,"5":0.0193136049,"6":0.0177399161,"7":0.0159826597,"8":0.0134548722,"9":0.0122835917,"10":0.0126623868,"11":0.0117272235,"12":0.009873014,"13":0.0105366154,"14":0.010029315,"15":0.0091098017,"16":0.0080056999,"17":0.0084538572,"18":0.0067294936,"19":0.0064944757}}