{"f1v7n2e20":{"0":5924.8706054688,"1":5916.7119140625,"2":5916.0517578125,"3":5916.9453125,"4":5921.8510742188,"5":5929.1796875,"6":5926.1997070312,"7":5938.7666015625,"8":5958.9086914062,"9":5970.001953125,"10":5984.3037109375,"11":5999.3569335938,"12":6014.7451171875,"13":6021.8525390625,"14":6021.0131835938,"15":6007.4990234375,"16":5990.41015625,"17":5974.8208007812,"18":5961.2563476562,"19":5949.6743164062,"20":5951.5478515625,"21":5955.033203125,"22":5957.1069335938},"Y":{"0":7088.149902,"1":7209.620117,"2":7228.150065,"3":7246.680013,"4":7265.209961,"5":7266.899902,"6":7339.910156,"7":7404.970215,"8":7402.879883,"9":7405.6931966667,"10":7408.5065103333,"11":7411.319824,"12":7351.629883,"13":7398.299805,"14":7382.470215,"15":7354.339844,"16":7367.5732423333,"17":7380.8066406667,"18":7394.040039,"19":7378.459961,"20":7425.959961,"21":7424.430176,"22":7433.850098}}