{"f1v7n2e20_loss":{"0":0.3858726603,"1":0.1299075272,"2":0.0324758921,"3":0.0127292587,"4":0.011587431,"5":0.0109474716,"6":0.0104411588,"7":0.0099281127,"8":0.0093138907,"9":0.0089390842,"10":0.008312783,"11":0.0080757432,"12":0.0074233603,"13":0.006947386,"14":0.0066850519,"15":0.0057299711,"16":0.0049214436,"17":0.0036675373,"18":0.0020679511,"19":0.0010932713},"f1v7n2e20val_loss":{"0":0.5902196369,"1":0.315907179,"2":0.1434302439,"3":0.1072192058,"4":0.0977902263,"5":0.092272447,"6":0.0926055488,"7":0.0815400809,"8":0.0811203087,"9":0.0803968179,"10":0.0827654946,"11":0.0731727597,"12":0.0677024532,"13":0.0628009524,"14":0.0553415189,"15":0.0451280847,"16":0.058472054,"17":0.0258892316,"18":0.0185446806,"19":0.0120526945}}