{"f7v15n4e20":{"0":23326.5234375,"1":23390.904296875,"2":23431.34375,"3":23463.373046875,"4":23489.9296875,"5":23442.33203125,"6":23476.96875,"7":23468.267578125,"8":23441.59765625},"Y":{"0":24713.980469,"1":24715.089844,"2":24814.4895836667,"3":24913.8893233333,"4":25013.289063,"5":24834.410156,"6":24886.810547,"7":24811.759766,"8":24753.089844}}