{"f7v15n4e20_loss":{"0":0.0346498011,"1":0.0073129717,"2":0.0063667721,"3":0.0050758868,"4":0.0037071388,"5":0.0028087483,"6":0.0022458458,"7":0.0015746591,"8":0.0013460678,"9":0.0013063693,"10":0.0012370929,"11":0.0012384919,"12":0.0012192923,"13":0.0011724092,"14":0.00103496,"15":0.001186095,"16":0.0010588236,"17":0.0010988234,"18":0.0010537338,"19":0.0009516183},"f7v15n4e20val_loss":{"0":0.0866474712,"1":0.0826592183,"2":0.0609824404,"3":0.0403313771,"4":0.0392233522,"5":0.0207606467,"6":0.0276679055,"7":0.0069096968,"8":0.0092962743,"9":0.0108094435,"10":0.0065155855,"11":0.0079777139,"12":0.0088257031,"13":0.0070340379,"14":0.009015772,"15":0.0093535099,"16":0.0045600578,"17":0.0047942055,"18":0.0035186112,"19":0.0077140674}}