{"f2v1n4e20":{"0":1599.6271972656,"1":1599.3353271484,"2":1596.5721435547,"3":1593.8071289062,"4":1591.0404052734,"5":1594.7216796875,"6":1589.6763916016,"7":1586.8488769531,"8":1606.6607666016,"9":1609.5731201172,"10":1612.4835205078,"11":1615.3919677734,"12":1617.0257568359,"13":1628.4985351562,"14":1639.1789550781,"15":1641.3647460938,"16":1641.5458984375,"17":1641.7269287109,"18":1641.9075927734,"19":1633.5482177734,"20":1641.6850585938,"21":1641.3208007812,"22":1639.2325439453,"23":1642.8530273438,"24":1646.4702148438,"25":1650.0828857422,"26":1643.1944580078,"27":1648.3728027344},"Y":{"0":1554.7624815,"1":1553.284973,"2":1551.8074645,"3":1550.329956,"4":1554.910034,"5":1546.560059,"6":1565.599976,"7":1570.0499676667,"8":1574.4999593333,"9":1578.949951,"10":1586.390015,"11":1596.050049,"12":1603.709961,"13":1606.790039,"14":1604.6400146667,"15":1602.4899903333,"16":1600.339966,"17":1600.339966,"18":1616.369995,"19":1625.290039,"20":1626.630005,"21":1630.233317,"22":1633.836629,"23":1637.439941,"24":1625.23999,"25":1627.609985,"26":1628.219971,"27":1626.930054}}