{"f2v1n4e20_loss":{"0":0.1976542186,"1":0.0193466852,"2":0.0018266848,"3":0.0016702746,"4":0.0015806202,"5":0.0015007302,"6":0.0014348525,"7":0.0013806537,"8":0.0012919975,"9":0.0012480589,"10":0.0011488667,"11":0.001101163,"12":0.0010665412,"13":0.0010079169,"14":0.0009407713,"15":0.000912753,"16":0.0008781965,"17":0.0009283188,"18":0.0008297247,"19":0.0008004283},"f2v1n4e20val_loss":{"0":0.13353354,"1":0.0087853929,"2":0.0036963615,"3":0.0030727709,"4":0.0022967577,"5":0.0026126568,"6":0.0015610284,"7":0.0017407918,"8":0.0009383257,"9":0.0010582085,"10":0.0007752741,"11":0.0005008777,"12":0.0003347832,"13":0.0003392619,"14":0.0002341672,"15":0.000250159,"16":0.0004210682,"17":0.0003579169,"18":0.0002895421,"19":0.000898852}}