{"f7v1n4e20":{"0":1489.1079101562,"1":1489.0151367188,"2":1486.7445068359,"3":1484.4445800781,"4":1482.1429443359,"5":1484.7521972656,"6":1480.1735839844,"7":1477.9580078125,"8":1493.4434814453,"9":1495.5065917969,"10":1497.5678710938,"11":1499.6273193359,"12":1500.6331787109,"13":1509.4333496094,"14":1517.7220458984,"15":1519.4920654297,"16":1519.6939697266,"17":1519.8950195312,"18":1520.0952148438,"19":1513.5532226562,"20":1519.3345947266,"21":1518.8464355469,"22":1517.2022705078},"Y":{"0":1546.560059,"1":1565.599976,"2":1570.0499676667,"3":1574.4999593333,"4":1578.949951,"5":1586.390015,"6":1596.050049,"7":1603.709961,"8":1606.790039,"9":1604.6400146667,"10":1602.4899903333,"11":1600.339966,"12":1600.339966,"13":1616.369995,"14":1625.290039,"15":1626.630005,"16":1630.233317,"17":1633.836629,"18":1637.439941,"19":1625.23999,"20":1627.609985,"21":1628.219971,"22":1626.930054}}