{"f7v1n4e20_loss":{"0":0.1215881557,"1":0.0344449619,"2":0.0254555128,"3":0.0244584862,"4":0.0237115534,"5":0.0224753869,"6":0.0215724936,"7":0.0198962044,"8":0.0188061437,"9":0.017618487,"10":0.0165000066,"11":0.0150384167,"12":0.0140684438,"13":0.012806259,"14":0.0114483631,"15":0.0103218758,"16":0.0093375856,"17":0.0085215793,"18":0.0072354922,"19":0.0063714727},"f7v1n4e20val_loss":{"0":0.3261777005,"1":0.1394057661,"2":0.1201422282,"3":0.1181595425,"4":0.096636499,"5":0.0866093107,"6":0.0853968699,"7":0.0697265899,"8":0.0712225942,"9":0.0695223857,"10":0.0650633749,"11":0.0622098013,"12":0.0413619558,"13":0.0330684354,"14":0.0197698113,"15":0.0102642831,"16":0.0120970812,"17":0.0132181755,"18":0.0042457725,"19":0.0051484288}}