{"f15v1n4e20":{"0":22336.017578125,"1":22330.341796875,"2":22294.19140625,"3":22258.044921875,"4":22221.91015625,"5":22297.927734375,"6":22244.1640625,"7":22204.73828125,"8":22478.947265625,"9":22522.5,"10":22566.046875,"11":22609.5859375,"12":22633.8359375,"13":22789.544921875,"14":22930.990234375},"Y":{"0":24831.169922,"1":24853.9166666667,"2":24876.6634113333,"3":24899.410156,"4":24706.410156,"5":24768.929688,"6":24713.980469,"7":24715.089844,"8":24814.4895836667,"9":24913.8893233333,"10":25013.289063,"11":24834.410156,"12":24886.810547,"13":24811.759766,"14":24753.089844}}