{"f15v1n4e20_loss":{"0":0.0744792805,"1":0.0147128563,"2":0.0124442666,"3":0.011919688,"4":0.0111180544,"5":0.0102861704,"6":0.0095252557,"7":0.0087213567,"8":0.0077765211,"9":0.0071752641,"10":0.0062475786,"11":0.0054862907,"12":0.0047296203,"13":0.0041211401,"14":0.0035615619,"15":0.0030624675,"16":0.0026040385,"17":0.0022712553,"18":0.0019134127,"19":0.0019501481},"f15v1n4e20val_loss":{"0":0.2487669127,"1":0.1537559177,"2":0.1402096345,"3":0.125595712,"4":0.1317777575,"5":0.1025255505,"6":0.087310333,"7":0.0853592911,"8":0.0653666712,"9":0.0690849614,"10":0.0600704421,"11":0.0569819927,"12":0.0508891758,"13":0.0447216152,"14":0.0352345869,"15":0.0262398343,"16":0.0249275483,"17":0.0181884135,"18":0.0111841298,"19":0.0183252767}}