{"f15v2n4e20":{"0":22449.126953125,"1":22428.23828125,"2":22401.82421875,"3":22375.38671875,"4":22365.736328125,"5":22345.732421875,"6":22309.765625,"7":22408.849609375,"8":22527.060546875,"9":22565.818359375,"10":22604.50390625,"11":22645.82421875,"12":22739.51953125,"13":22855.8046875},"Y":{"0":24853.9166666667,"1":24876.6634113333,"2":24899.410156,"3":24706.410156,"4":24768.929688,"5":24713.980469,"6":24715.089844,"7":24814.4895836667,"8":24913.8893233333,"9":25013.289063,"10":24834.410156,"11":24886.810547,"12":24811.759766,"13":24753.089844}}