{"f15v2n4e20_loss":{"0":0.0191783872,"1":0.0103071471,"2":0.0091239771,"3":0.0077781766,"4":0.006790515,"5":0.0055065266,"6":0.0045700125,"7":0.0036901202,"8":0.0030173068,"9":0.0026000651,"10":0.0020532595,"11":0.0017844224,"12":0.0015685351,"13":0.001484844,"14":0.0014271125,"15":0.0013549183,"16":0.0015180125,"17":0.0013582827,"18":0.0013670686,"19":0.0013667595},"f15v2n4e20val_loss":{"0":0.1527954253,"1":0.1262935642,"2":0.1212845754,"3":0.1283199083,"4":0.1002333634,"5":0.0758937271,"6":0.0789076394,"7":0.0545876882,"8":0.0439560919,"9":0.0395475671,"10":0.0377433935,"11":0.0268134488,"12":0.0259900613,"13":0.0249147062,"14":0.0147507987,"15":0.0214950203,"16":0.0203015327,"17":0.0184592786,"18":0.0154299492,"19":0.0140729957}}