{"f7v2n4e20":{"0":7124.4458007812,"1":7115.50390625,"2":7097.7612304688,"3":7080.0180664062,"4":7080.7124023438,"5":7070.9145507812,"6":7043.5170898438,"7":7095.294921875,"8":7163.8408203125,"9":7179.919921875,"10":7195.982421875,"11":7207.4892578125,"12":7245.8056640625,"13":7315.181640625,"14":7357.095703125,"15":7366.3881835938,"16":7368.8247070312,"17":7371.2563476562,"18":7345.3017578125,"19":7339.2700195312,"20":7357.9916992188,"21":7348.1953125},"Y":{"0":7209.620117,"1":7228.150065,"2":7246.680013,"3":7265.209961,"4":7266.899902,"5":7339.910156,"6":7404.970215,"7":7402.879883,"8":7405.6931966667,"9":7408.5065103333,"10":7411.319824,"11":7351.629883,"12":7398.299805,"13":7382.470215,"14":7354.339844,"15":7367.5732423333,"16":7380.8066406667,"17":7394.040039,"18":7378.459961,"19":7425.959961,"20":7424.430176,"21":7433.850098}}