{"f7v2n4e20_loss":{"0":0.0988868497,"1":0.0309140444,"2":0.0259718092,"3":0.0251814469,"4":0.0240239596,"5":0.0227852649,"6":0.0215868208,"7":0.0203599633,"8":0.0187353048,"9":0.0172284862,"10":0.0154836471,"11":0.0134595283,"12":0.011774584,"13":0.0095374723,"14":0.0071207316,"15":0.0054397395,"16":0.0040980212,"17":0.0027507057,"18":0.0018517971,"19":0.0013287246},"f7v2n4e20val_loss":{"0":0.3661973075,"1":0.2181603648,"2":0.1851548408,"3":0.1661092539,"4":0.1767961056,"5":0.161324367,"6":0.1639496623,"7":0.137817728,"8":0.1218380312,"9":0.1004765279,"10":0.1014637253,"11":0.0705222771,"12":0.0572919087,"13":0.0637944938,"14":0.0407425081,"15":0.0138246838,"16":0.0097415083,"17":0.0057716196,"18":0.0018010607,"19":0.0008036277}}