{"f2v7n4e20":{"0":6322.6494140625,"1":6319.1123046875,"2":6339.00390625,"3":6350.1162109375,"4":6362.18359375,"5":6375.4340820312,"6":6386.166015625,"7":6408.169921875,"8":6434.8232421875,"9":6449.5078125,"10":6459.8818359375,"11":6468.1616210938,"12":6474.4965820312,"13":6469.6176757812,"14":6476.21875,"15":6476.8955078125,"16":6475.841796875,"17":6480.7670898438,"18":6487.3623046875,"19":6495.0849609375,"20":6494.1528320312,"21":6499.6982421875},"Y":{"0":7209.620117,"1":7228.150065,"2":7246.680013,"3":7265.209961,"4":7266.899902,"5":7339.910156,"6":7404.970215,"7":7402.879883,"8":7405.6931966667,"9":7408.5065103333,"10":7411.319824,"11":7351.629883,"12":7398.299805,"13":7382.470215,"14":7354.339844,"15":7367.5732423333,"16":7380.8066406667,"17":7394.040039,"18":7378.459961,"19":7425.959961,"20":7424.430176,"21":7433.850098}}