{"f2v7n4e20_loss":{"0":0.0801648696,"1":0.0050873734,"2":0.0043094304,"3":0.003244108,"4":0.0024247875,"5":0.0016695725,"6":0.0012951641,"7":0.0011284545,"8":0.0009386572,"9":0.0008650416,"10":0.0007882987,"11":0.0006865709,"12":0.0006687369,"13":0.0008604377,"14":0.00064894,"15":0.000613428,"16":0.0005675353,"17":0.0005758133,"18":0.0005550907,"19":0.0004924876},"f2v7n4e20val_loss":{"0":0.0518109891,"1":0.0500257754,"2":0.0423491839,"3":0.029400412,"4":0.0193666023,"5":0.0174293027,"6":0.0112571442,"7":0.0118571565,"8":0.0085697762,"9":0.0075556144,"10":0.0065394836,"11":0.0082114924,"12":0.0053531599,"13":0.005841725,"14":0.0053326775,"15":0.005337877,"16":0.0056810267,"17":0.0043236882,"18":0.0050086071,"19":0.0060628359}}