{"f15v7n2e20":{"0":6270.900390625,"1":6268.1987304688,"2":6284.7661132812,"3":6292.5063476562,"4":6301.3374023438,"5":6311.4921875,"6":6317.5356445312,"7":6333.8696289062,"8":6353.7397460938},"Y":{"0":7382.470215,"1":7354.339844,"2":7367.5732423333,"3":7380.8066406667,"4":7394.040039,"5":7378.459961,"6":7425.959961,"7":7424.430176,"8":7433.850098}}