{"f15v7n2e20_loss":{"0":0.1173187902,"1":0.0199457772,"2":0.0175379183,"3":0.0138619014,"4":0.0115426751,"5":0.0084029833,"6":0.005801503,"7":0.0040275766,"8":0.0026407963,"9":0.0018722583,"10":0.0016065326,"11":0.0015133726,"12":0.0014096588,"13":0.0014100579,"14":0.0012905963,"15":0.0012671966,"16":0.0011472082,"17":0.001221503,"18":0.0011627529,"19":0.0010817951},"f15v7n2e20val_loss":{"0":0.1969885333,"1":0.1313075286,"2":0.1361362988,"3":0.0857501022,"4":0.085281424,"5":0.0524758412,"6":0.0364172471,"7":0.0187572737,"8":0.0153687204,"9":0.0090633534,"10":0.0099209991,"11":0.0079048481,"12":0.0078485478,"13":0.0082993064,"14":0.009808916,"15":0.0118641454,"16":0.0092691388,"17":0.0118737729,"18":0.0147421661,"19":0.0169780874}}