{"f2v1n4e20":{"0":6888.6787109375,"1":6887.3764648438,"2":6871.373046875,"3":6855.3823242188,"4":6839.4057617188,"5":6861.771484375,"6":6839.8603515625,"7":6816.2587890625,"8":6931.7016601562,"9":6950.0678710938,"10":6968.4282226562,"11":6986.7841796875,"12":7000.7719726562,"13":7069.8212890625,"14":7132.7197265625,"15":7144.666015625,"16":7143.3037109375,"17":7141.935546875,"18":7140.5620117188,"19":7097.9799804688,"20":7154.3271484375,"21":7160.7158203125,"22":7148.2778320312,"23":7168.462890625,"24":7188.6611328125,"25":7208.8754882812,"26":7167.3623046875,"27":7197.2456054688},"Y":{"0":7101.9565433333,"1":7084.1132816667,"2":7066.27002,"3":7130.700195,"4":7100.899902,"5":7088.149902,"6":7209.620117,"7":7228.150065,"8":7246.680013,"9":7265.209961,"10":7266.899902,"11":7339.910156,"12":7404.970215,"13":7402.879883,"14":7405.6931966667,"15":7408.5065103333,"16":7411.319824,"17":7351.629883,"18":7398.299805,"19":7382.470215,"20":7354.339844,"21":7367.5732423333,"22":7380.8066406667,"23":7394.040039,"24":7378.459961,"25":7425.959961,"26":7424.430176,"27":7433.850098}}