{"f2v1n4e20_loss":{"0":0.2170071533,"1":0.0150668545,"2":0.0035859842,"3":0.0034415654,"4":0.0031066876,"5":0.0029010254,"6":0.0026580466,"7":0.002422867,"8":0.0021425642,"9":0.0018431806,"10":0.0017201877,"11":0.0015083455,"12":0.0013057178,"13":0.0011943159,"14":0.0009835898,"15":0.0008719436,"16":0.000768258,"17":0.0006987388,"18":0.000639329,"19":0.0005976888},"f2v1n4e20val_loss":{"0":0.2023734758,"1":0.0319598479,"2":0.029130897,"3":0.0236382123,"4":0.0242403875,"5":0.0215576955,"6":0.0168144365,"7":0.0180977129,"8":0.0107849629,"9":0.017949942,"10":0.0063724282,"11":0.0103796404,"12":0.0085671764,"13":0.0064012239,"14":0.0037652757,"15":0.0030495534,"16":0.0027885925,"17":0.0010042631,"18":0.0012242084,"19":0.0008012034}}