{"f2v15n4e20":{"0":2476.9116210938,"1":2480.0720214844,"2":2482.6076660156,"3":2485.1149902344,"4":2487.5541992188,"5":2486.5942382812,"6":2487.7087402344,"7":2487.6489257812,"8":2487.2734375,"9":2488.3674316406,"10":2489.9860839844,"11":2491.9191894531,"12":2492.1489257812,"13":2494.0354003906},"Y":{"0":2728.523275,"1":2729.326579,"2":2730.129883,"3":2711.449951,"4":2722.459961,"5":2720.129883,"6":2712.969971,"7":2719.649984,"8":2726.329997,"9":2733.01001,"10":2724.439941,"11":2733.290039,"12":2727.76001,"13":2721.330078}}