{"f2v15n4e20_loss":{"0":0.2726886768,"1":0.0103087585,"2":0.0067626881,"3":0.0046747113,"4":0.0030913057,"5":0.0019793103,"6":0.0012070864,"7":0.0007605198,"8":0.0004535853,"9":0.0003013558,"10":0.0002379411,"11":0.0002258924,"12":0.0002177172,"13":0.0002092401,"14":0.0002451099,"15":0.0002148323,"16":0.0001696543,"17":0.0002071734,"18":0.0001983839,"19":0.0001907787},"f2v15n4e20val_loss":{"0":0.1330662719,"1":0.0573108412,"2":0.0467622088,"3":0.0348668534,"4":0.0250402834,"5":0.0172177258,"6":0.0127218233,"7":0.0091328472,"8":0.0060701319,"9":0.0045927069,"10":0.0032764359,"11":0.0033127466,"12":0.0034215793,"13":0.0038917976,"14":0.0027760365,"15":0.0032598421,"16":0.0024107352,"17":0.0024452249,"18":0.0030947981,"19":0.002496588}}