{"f15v1n2e20":{"0":18182.29296875,"1":18180.689453125,"2":18168.650390625,"3":18156.634765625,"4":18144.640625,"5":18141.666015625,"6":18118.34765625,"7":18102.81640625,"8":18187.271484375,"9":18199.208984375,"10":18211.1484375,"11":18223.08984375,"12":18233.642578125,"13":18283.93359375,"14":18332.53125},"Y":{"0":24831.169922,"1":24853.9166666667,"2":24876.6634113333,"3":24899.410156,"4":24706.410156,"5":24768.929688,"6":24713.980469,"7":24715.089844,"8":24814.4895836667,"9":24913.8893233333,"10":25013.289063,"11":24834.410156,"12":24886.810547,"13":24811.759766,"14":24753.089844}}