{"f15v1n2e20_loss":{"0":0.1901287671,"1":0.0549328904,"2":0.0247578857,"3":0.0204263765,"4":0.019777217,"5":0.0193378754,"6":0.0188677854,"7":0.0183308445,"8":0.0178044503,"9":0.017263336,"10":0.016726391,"11":0.0160998891,"12":0.0155740683,"13":0.0150281346,"14":0.0142371621,"15":0.01324315,"16":0.0132278348,"17":0.0124058071,"18":0.0117141553,"19":0.0110600698},"f15v1n2e20val_loss":{"0":0.6113736945,"1":0.3607566362,"2":0.2620475759,"3":0.2253170956,"4":0.2190763157,"5":0.2155780668,"6":0.2086529587,"7":0.2086899868,"8":0.2008902951,"9":0.188431286,"10":0.1843268326,"11":0.1760075204,"12":0.16948972,"13":0.1630675871,"14":0.1558008715,"15":0.1727020839,"16":0.1486439085,"17":0.1419297333,"18":0.1305188872,"19":0.1267783142}}