{"f15v15n2e20":{"0":1516.3693847656},"Y":{"0":1626.930054}}