{"f15v15n2e20_loss":{"0":0.0772632881,"1":0.0265386748,"2":0.0242725429,"3":0.0225375263,"4":0.0206044502,"5":0.0184596403,"6":0.0164915397,"7":0.0143779083,"8":0.0123713182,"9":0.0105725263,"10":0.0089611895,"11":0.0073056271,"12":0.005814903,"13":0.0047364848,"14":0.0041569432,"15":0.0038034913,"16":0.0035174358,"17":0.0034562673,"18":0.0035373867,"19":0.0032934814},"f15v15n2e20val_loss":{"0":0.205727382,"1":0.1490332189,"2":0.1258702594,"3":0.1272303712,"4":0.1010747107,"5":0.0947341311,"6":0.0861824182,"7":0.0631322624,"8":0.0578550985,"9":0.0476530358,"10":0.0259548207,"11":0.0206020471,"12":0.0129667813,"13":0.0074092605,"14":0.0069769178,"15":0.0051691666,"16":0.0054862701,"17":0.0043446009,"18":0.0026722076,"19":0.0034005059}}