{"f15v2n4e20":{"0":2866.9252929688,"1":2863.4013671875,"2":2857.1838378906,"3":2850.9655761719,"4":2851.19140625,"5":2846.8334960938,"6":2837.9743652344,"7":2856.9489746094,"8":2881.1696777344,"9":2887.1538085938,"10":2893.1335449219,"11":2897.5158691406,"12":2912.2329101562,"13":2936.9963378906},"Y":{"0":2728.523275,"1":2729.326579,"2":2730.129883,"3":2711.449951,"4":2722.459961,"5":2720.129883,"6":2712.969971,"7":2719.649984,"8":2726.329997,"9":2733.01001,"10":2724.439941,"11":2733.290039,"12":2727.76001,"13":2721.330078}}