{"f15v2n4e20_loss":{"0":0.0884252204,"1":0.0257835298,"2":0.0242038606,"3":0.0227486947,"4":0.0206055534,"5":0.0186321472,"6":0.0166744661,"7":0.0144264279,"8":0.0128010683,"9":0.0109578009,"10":0.0089042479,"11":0.0071375345,"12":0.0058364006,"13":0.004783819,"14":0.003424855,"15":0.0026361157,"16":0.0020676865,"17":0.0017308716,"18":0.0014576227,"19":0.001432731},"f15v2n4e20val_loss":{"0":0.2011223902,"1":0.1251556647,"2":0.1442555085,"3":0.1098843515,"4":0.1092621119,"5":0.0803221631,"6":0.067442147,"7":0.0718421705,"8":0.0542024729,"9":0.0368205354,"10":0.026685666,"11":0.0165405674,"12":0.0049762627,"13":0.0065523737,"14":0.001853922,"15":0.0014537945,"16":0.0019009593,"17":0.0027295653,"18":0.0088981262,"19":0.0078350714}}