{"f7v15n2e20":{"0":2240.7619628906,"1":2241.0397949219,"2":2240.9851074219,"3":2240.8435058594,"4":2240.6645507812,"5":2240.8698730469,"6":2241.9309082031,"7":2242.9333496094,"8":2243.3955078125},"Y":{"0":2720.129883,"1":2712.969971,"2":2719.649984,"3":2726.329997,"4":2733.01001,"5":2724.439941,"6":2733.290039,"7":2727.76001,"8":2721.330078}}