{"f7v15n2e20_loss":{"0":0.0650759271,"1":0.0204341126,"2":0.0179524734,"3":0.0162164986,"4":0.0143689939,"5":0.0127288768,"6":0.0102473945,"7":0.0083137141,"8":0.0063743657,"9":0.0048436543,"10":0.0035718128,"11":0.0028517613,"12":0.0024683133,"13":0.0022770488,"14":0.0019724108,"15":0.0019495191,"16":0.001868482,"17":0.0018813952,"18":0.0017502791,"19":0.0016593687},"f7v15n2e20val_loss":{"0":0.2082818043,"1":0.1460888669,"2":0.1287655149,"3":0.1139834202,"4":0.1042716638,"5":0.0925496035,"6":0.0907852804,"7":0.0666197751,"8":0.0549748628,"9":0.0426241853,"10":0.0407528484,"11":0.0430192485,"12":0.0409367838,"13":0.043127974,"14":0.0450277148,"15":0.0443796973,"16":0.0443892626,"17":0.0452203605,"18":0.0457998819,"19":0.0448046811}}