{"f1v15n2e20":{"0":2359.5207519531,"1":2361.0170898438,"2":2361.677734375,"3":2362.1906738281,"4":2362.6472167969,"5":2360.9226074219,"6":2361.625,"7":2361.3869628906,"8":2361.6044921875,"9":2362.7507324219,"10":2364.0151367188,"11":2365.2912597656,"12":2363.6291503906,"13":2364.0302734375,"14":2363.4260253906},"Y":{"0":2727.719971,"1":2728.523275,"2":2729.326579,"3":2730.129883,"4":2711.449951,"5":2722.459961,"6":2720.129883,"7":2712.969971,"8":2719.649984,"9":2726.329997,"10":2733.01001,"11":2724.439941,"12":2733.290039,"13":2727.76001,"14":2721.330078}}