{"f1v15n2e20_loss":{"0":0.2117464446,"1":0.0635388508,"2":0.0185880316,"3":0.0097421061,"4":0.0074241901,"5":0.0050800924,"6":0.0027155984,"7":0.0010539133,"8":0.0005182581,"9":0.0004211061,"10":0.000416652,"11":0.0003885233,"12":0.0003463859,"13":0.0003990637,"14":0.0003269796,"15":0.0003168145,"16":0.0003206774,"17":0.0003134357,"18":0.0002915559,"19":0.0002840312},"f1v15n2e20val_loss":{"0":0.3255648861,"1":0.1538117745,"2":0.0827453175,"3":0.0614563135,"4":0.0496455803,"5":0.0373171347,"6":0.0267383359,"7":0.0188215761,"8":0.0152845933,"9":0.0137330194,"10":0.0127410642,"11":0.0120500347,"12":0.0113478786,"13":0.0107305534,"14":0.010139247,"15":0.0096886784,"16":0.0087545956,"17":0.008534625,"18":0.0076336701,"19":0.0071632792}}