{"f7v2n2e20":{"0":6515.44921875,"1":6508.3706054688,"2":6495.5341796875,"3":6482.6826171875,"4":6484.2963867188,"5":6478.4643554688,"6":6458.197265625,"7":6497.6948242188,"8":6545.6796875,"9":6558.6865234375,"10":6571.6821289062,"11":6582.8442382812,"12":6615.595703125,"13":6666.3237304688,"14":6694.5463867188,"15":6699.4453125,"16":6698.9038085938,"17":6698.3623046875,"18":6680.724609375,"19":6686.6665039062,"20":6707.1049804688,"21":6703.50390625},"Y":{"0":7209.620117,"1":7228.150065,"2":7246.680013,"3":7265.209961,"4":7266.899902,"5":7339.910156,"6":7404.970215,"7":7402.879883,"8":7405.6931966667,"9":7408.5065103333,"10":7411.319824,"11":7351.629883,"12":7398.299805,"13":7382.470215,"14":7354.339844,"15":7367.5732423333,"16":7380.8066406667,"17":7394.040039,"18":7378.459961,"19":7425.959961,"20":7424.430176,"21":7433.850098}}