{"f7v2n2e20_loss":{"0":0.039258701,"1":0.022805228,"2":0.0215755423,"3":0.0201362514,"4":0.0191912284,"5":0.0175701025,"6":0.0165284918,"7":0.0151245484,"8":0.0137474386,"9":0.012431641,"10":0.0111010808,"11":0.0098482164,"12":0.0084345654,"13":0.0076916635,"14":0.0061978236,"15":0.0053804002,"16":0.0043738993,"17":0.0036398858,"18":0.0028976208,"19":0.0023049917},"f7v2n2e20val_loss":{"0":0.2188956817,"1":0.178486634,"2":0.1676734414,"3":0.1467256515,"4":0.1366138832,"5":0.1132972357,"6":0.1309333617,"7":0.1179341683,"8":0.1014958712,"9":0.0836498452,"10":0.0889968255,"11":0.0671559019,"12":0.073908906,"13":0.0475838904,"14":0.0548121761,"15":0.0383231816,"16":0.0269900291,"17":0.0195016344,"18":0.0148676451,"19":0.0099061485}}