{"f2v1n2e20":{"0":20532.029296875,"1":20531.326171875,"2":20521.033203125,"3":20510.701171875,"4":20500.28125,"5":20502.13671875,"6":20453.712890625,"7":20441.12109375,"8":20534.626953125,"9":20541.146484375,"10":20547.55859375,"11":20553.8671875,"12":20552.892578125,"13":20588.39453125,"14":20624.796875,"15":20637.439453125,"16":20641.68359375,"17":20645.923828125,"18":20650.150390625,"19":20613.716796875,"20":20624.62109375,"21":20612.15625,"22":20608.2265625,"23":20623.59765625,"24":20638.951171875,"25":20654.28125,"26":20629.65234375,"27":20642.23046875},"Y":{"0":24261.843099,"1":24212.496745,"2":24163.150391,"3":24099.050781,"4":23924.980469,"5":23930.150391,"6":24262.509766,"7":24294.1132816667,"8":24325.7167973333,"9":24357.320313,"10":24360.210938,"11":24542.539063,"12":24739.529297,"13":24831.169922,"14":24853.9166666667,"15":24876.6634113333,"16":24899.410156,"17":24706.410156,"18":24768.929688,"19":24713.980469,"20":24715.089844,"21":24814.4895836667,"22":24913.8893233333,"23":25013.289063,"24":24834.410156,"25":24886.810547,"26":24811.759766,"27":24753.089844}}