{"f2v1n2e20_loss":{"0":0.2459275295,"1":0.04650697,"2":0.006989558,"3":0.0032149084,"4":0.0029380164,"5":0.0027444249,"6":0.002510088,"7":0.0022572013,"8":0.0020283095,"9":0.0017697238,"10":0.0015598146,"11":0.0013382733,"12":0.0011436925,"13":0.0009627599,"14":0.0008063053,"15":0.0006715467,"16":0.0005806381,"17":0.0004698767,"18":0.0004148213,"19":0.0003565706},"f2v1n2e20val_loss":{"0":0.3367068931,"1":0.1188404274,"2":0.0618862638,"3":0.0482078985,"4":0.0467549498,"5":0.0450498154,"6":0.0426174526,"7":0.0388251698,"8":0.0362504066,"9":0.0355230493,"10":0.0297084284,"11":0.0285439033,"12":0.0261232967,"13":0.0229899417,"14":0.0213629441,"15":0.0205489754,"16":0.0181671495,"17":0.0150272215,"18":0.0141993302,"19":0.013035508}}