{"f15v2n4e20":{"0":1625.0794677734,"1":1623.7448730469,"2":1621.8470458984,"3":1619.9462890625,"4":1619.2471923828,"5":1620.2983398438,"6":1618.3168945312,"7":1621.9835205078,"8":1634.2551269531,"9":1637.6875,"10":1641.1081542969,"11":1644.8642578125,"12":1651.1389160156,"13":1660.1042480469},"Y":{"0":1604.6400146667,"1":1602.4899903333,"2":1600.339966,"3":1600.339966,"4":1616.369995,"5":1625.290039,"6":1626.630005,"7":1630.233317,"8":1633.836629,"9":1637.439941,"10":1625.23999,"11":1627.609985,"12":1628.219971,"13":1626.930054}}