{"f15v2n4e20_loss":{"0":0.0418268667,"1":0.0230090648,"2":0.0203702408,"3":0.0176295576,"4":0.0154083758,"5":0.0129351192,"6":0.0110906126,"7":0.0090135772,"8":0.0071551832,"9":0.0059302313,"10":0.004849964,"11":0.0038702924,"12":0.003337891,"13":0.003140524,"14":0.0029780742,"15":0.0026257858,"16":0.0026011329,"17":0.0025750382,"18":0.0024217333,"19":0.0025518031},"f15v2n4e20val_loss":{"0":0.1342964937,"1":0.1210497387,"2":0.1094495116,"3":0.1016222443,"4":0.0525261666,"5":0.0376318772,"6":0.0271974594,"7":0.0264901621,"8":0.007241266,"9":0.0071176858,"10":0.0042604558,"11":0.0026351764,"12":0.0040823796,"13":0.0021566067,"14":0.002926576,"15":0.0042009665,"16":0.0052544213,"17":0.0047674353,"18":0.0075042863,"19":0.0050673404}}