{"f7v15n4e20":{"0":5744.0869140625,"1":5741.3071289062,"2":5738.98828125,"3":5737.6245117188,"4":5737.056640625,"5":5746.01171875,"6":5756.4897460938,"7":5770.2841796875,"8":5782.4716796875},"Y":{"0":7382.470215,"1":7354.339844,"2":7367.5732423333,"3":7380.8066406667,"4":7394.040039,"5":7378.459961,"6":7425.959961,"7":7424.430176,"8":7433.850098}}