{"f7v15n4e20_loss":{"0":0.1476127572,"1":0.0258694499,"2":0.0238201173,"3":0.0210367069,"4":0.0187907567,"5":0.0155700977,"6":0.0111196641,"7":0.0076483991,"8":0.0038692059,"9":0.0024240504,"10":0.0017200161,"11":0.0014398448,"12":0.0014992119,"13":0.0014783032,"14":0.0013711274,"15":0.0013768694,"16":0.0014053366,"17":0.0012443401,"18":0.00128396,"19":0.0012404805},"f7v15n4e20val_loss":{"0":0.2743923187,"1":0.2041487906,"2":0.1936220922,"3":0.1461676811,"4":0.1182926726,"5":0.0943829988,"6":0.0901254735,"7":0.0596450665,"8":0.0574393057,"9":0.0440991301,"10":0.029890935,"11":0.0312709384,"12":0.0296275443,"13":0.0306188996,"14":0.0333329553,"15":0.0316333179,"16":0.0380158285,"17":0.0342078241,"18":0.0372323863,"19":0.0397881764}}