{"f2v2n4e20":{"0":22373.224609375,"1":22357.88671875,"2":22320.142578125,"3":22282.3515625,"4":22276.544921875,"5":22264.408203125,"6":22192.615234375,"7":22304.04296875,"8":22432.6171875,"9":22460.349609375,"10":22488.05078125,"11":22508.509765625,"12":22577.2578125,"13":22717.201171875,"14":22803.6015625,"15":22817.419921875,"16":22824.234375,"17":22831.05078125,"18":22785.380859375,"19":22766.97265625,"20":22794.52734375,"21":22762.71484375,"22":22767.259765625,"23":22812.21484375,"24":22857.056640625,"25":22835.138671875,"26":22834.001953125},"Y":{"0":24212.496745,"1":24163.150391,"2":24099.050781,"3":23924.980469,"4":23930.150391,"5":24262.509766,"6":24294.1132816667,"7":24325.7167973333,"8":24357.320313,"9":24360.210938,"10":24542.539063,"11":24739.529297,"12":24831.169922,"13":24853.9166666667,"14":24876.6634113333,"15":24899.410156,"16":24706.410156,"17":24768.929688,"18":24713.980469,"19":24715.089844,"20":24814.4895836667,"21":24913.8893233333,"22":25013.289063,"23":24834.410156,"24":24886.810547,"25":24811.759766,"26":24753.089844}}