{"f2v2n4e20_loss":{"0":0.2164153865,"1":0.0090465553,"2":0.0013438787,"3":0.0012681939,"4":0.0011199829,"5":0.0009412609,"6":0.000864139,"7":0.0007217451,"8":0.0006355506,"9":0.0005400998,"10":0.0004548464,"11":0.0003710434,"12":0.0003096682,"13":0.0002692129,"14":0.0002559709,"15":0.0002082923,"16":0.0001996363,"17":0.0001833415,"18":0.0001780742,"19":0.0001753397},"f2v2n4e20val_loss":{"0":0.1612255892,"1":0.0227162652,"2":0.0221227291,"3":0.0200964548,"4":0.0196897569,"5":0.0132733414,"6":0.0155614406,"7":0.0156836392,"8":0.0135336169,"9":0.0088709691,"10":0.0095312915,"11":0.0091487428,"12":0.0082151462,"13":0.0069921707,"14":0.0049687555,"15":0.0048781772,"16":0.0044809633,"17":0.004099641,"18":0.0036001464,"19":0.0036629481}}