{"f15v1n4e20":{"0":2657.7919921875,"1":2657.658203125,"2":2653.5769042969,"3":2649.4895019531,"4":2645.396484375,"5":2653.48046875,"6":2646.4541015625,"7":2642.2902832031,"8":2670.7229003906,"9":2674.9616699219,"10":2679.1948242188,"11":2683.4226074219,"12":2685.3896484375,"13":2702.1164550781,"14":2717.3813476562},"Y":{"0":2727.719971,"1":2728.523275,"2":2729.326579,"3":2730.129883,"4":2711.449951,"5":2722.459961,"6":2720.129883,"7":2712.969971,"8":2719.649984,"9":2726.329997,"10":2733.01001,"11":2724.439941,"12":2733.290039,"13":2727.76001,"14":2721.330078}}