{"f15v1n4e20_loss":{"0":0.1114857039,"1":0.0316430757,"2":0.024176844,"3":0.0228641481,"4":0.0215637285,"5":0.0202709558,"6":0.018610979,"7":0.017283659,"8":0.0155447976,"9":0.0138360686,"10":0.0125041537,"11":0.011153703,"12":0.0095827926,"13":0.0083878145,"14":0.0070826466,"15":0.006003367,"16":0.0049980193,"17":0.0041278145,"18":0.0034752365,"19":0.0028459586},"f15v1n4e20val_loss":{"0":0.3084670966,"1":0.1671112222,"2":0.1445488756,"3":0.1320172917,"4":0.1175715482,"5":0.1005369931,"6":0.0842451698,"7":0.0788434652,"8":0.0810502143,"9":0.050973771,"10":0.0462264126,"11":0.0431939257,"12":0.0289675952,"13":0.0236302033,"14":0.023094797,"15":0.0106342476,"16":0.0090465872,"17":0.0057125319,"18":0.005128803,"19":0.0014485555}}