{"f2v7n4e20":{"0":21528.85546875,"1":21514.3671875,"2":21545.544921875,"3":21589.900390625,"4":21630.400390625,"5":21667.294921875,"6":21699.70703125,"7":21739.720703125,"8":21791.7265625,"9":21835.21484375,"10":21865.103515625,"11":21884.375,"12":21896.703125,"13":21895.5625,"14":21905.18359375,"15":21915.25390625,"16":21916.244140625,"17":21919.033203125,"18":21929.115234375,"19":21944.490234375,"20":21944.76953125,"21":21950.521484375},"Y":{"0":24262.509766,"1":24294.1132816667,"2":24325.7167973333,"3":24357.320313,"4":24360.210938,"5":24542.539063,"6":24739.529297,"7":24831.169922,"8":24853.9166666667,"9":24876.6634113333,"10":24899.410156,"11":24706.410156,"12":24768.929688,"13":24713.980469,"14":24715.089844,"15":24814.4895836667,"16":24913.8893233333,"17":25013.289063,"18":24834.410156,"19":24886.810547,"20":24811.759766,"21":24753.089844}}