{"f2v7n4e20_loss":{"0":0.0011300669,"1":0.0003994567,"2":0.0002650763,"3":0.0002136628,"4":0.0002385057,"5":0.0002179101,"6":0.0001961383,"7":0.0002093773,"8":0.0002041896,"9":0.0002257534,"10":0.0002013332,"11":0.0002042034,"12":0.0002034712,"13":0.0002052934,"14":0.0002326877,"15":0.0002602139,"16":0.0001827487,"17":0.0001836973,"18":0.0001828105,"19":0.0001996424},"f2v7n4e20val_loss":{"0":0.0196040047,"1":0.0148098199,"2":0.010676174,"3":0.0078376488,"4":0.009990565,"5":0.008020882,"6":0.0088713237,"7":0.0078274623,"8":0.0079170182,"9":0.0088749595,"10":0.0079295988,"11":0.0061998014,"12":0.0075022288,"13":0.0072898722,"14":0.0091010139,"15":0.0086982258,"16":0.0056012135,"17":0.0082077288,"18":0.0064233847,"19":0.0073092474}}