{"f1v1n2e20":{"0":19595.52734375,"1":19596.189453125,"2":19578.205078125,"3":19560.212890625,"4":19542.2109375,"5":19546.087890625,"6":19511.935546875,"7":19486.91015625,"8":19601.650390625,"9":19617.44140625,"10":19633.21484375,"11":19648.97265625,"12":19662.123046875,"13":19734.66796875,"14":19803.35546875,"15":19822.955078125,"16":19821.92578125,"17":19820.892578125,"18":19819.84765625,"19":19775.951171875,"20":19827.9296875,"21":19836.37890625,"22":19827.513671875,"23":19851.9609375,"24":19876.390625,"25":19900.810546875,"26":19851.791015625,"27":19874.37890625,"28":19861.443359375},"Y":{"0":24311.189453,"1":24261.843099,"2":24212.496745,"3":24163.150391,"4":24099.050781,"5":23924.980469,"6":23930.150391,"7":24262.509766,"8":24294.1132816667,"9":24325.7167973333,"10":24357.320313,"11":24360.210938,"12":24542.539063,"13":24739.529297,"14":24831.169922,"15":24853.9166666667,"16":24876.6634113333,"17":24899.410156,"18":24706.410156,"19":24768.929688,"20":24713.980469,"21":24715.089844,"22":24814.4895836667,"23":24913.8893233333,"24":25013.289063,"25":24834.410156,"26":24886.810547,"27":24811.759766,"28":24753.089844}}