{"f1v1n2e20_loss":{"0":0.3592659671,"1":0.1446312331,"2":0.0327798641,"3":0.0049352289,"4":0.0022242159,"5":0.0020454838,"6":0.0019740757,"7":0.0018844746,"8":0.0017919195,"9":0.0016992671,"10":0.0016169341,"11":0.0015361353,"12":0.0014134656,"13":0.0013049726,"14":0.0012228357,"15":0.001103255,"16":0.0010256009,"17":0.0009216861,"18":0.0008297781,"19":0.0007263999},"f1v1n2e20val_loss":{"0":0.5532571034,"1":0.2289811775,"2":0.0849928026,"3":0.0460148763,"4":0.0382800136,"5":0.0360655771,"6":0.0357805932,"7":0.0334461742,"8":0.0310635446,"9":0.0320164367,"10":0.0291871377,"11":0.0285915325,"12":0.0280618773,"13":0.024157104,"14":0.0244930699,"15":0.0219002826,"16":0.0214021169,"17":0.0218797894,"18":0.0204966736,"19":0.0204683507}}