{"f2v1n2e20":{"0":6387.07421875,"1":6389.3823242188,"2":6374.8061523438,"3":6360.21484375,"4":6345.6083984375,"5":6356.1137695312,"6":6314.326171875,"7":6308.5434570312,"8":6390.1401367188,"9":6398.328125,"10":6406.5161132812,"11":6414.7016601562,"12":6413.1430664062,"13":6466.181640625,"14":6519.0864257812,"15":6531.8759765625,"16":6535.7602539062,"17":6539.6440429688,"18":6543.5263671875,"19":6496.90625,"20":6518.0673828125,"21":6506.2211914062,"22":6494.7778320312,"23":6512.5971679688,"24":6530.4096679688,"25":6548.2177734375,"26":6521.8540039062,"27":6542.5444335938},"Y":{"0":7101.9565433333,"1":7084.1132816667,"2":7066.27002,"3":7130.700195,"4":7100.899902,"5":7088.149902,"6":7209.620117,"7":7228.150065,"8":7246.680013,"9":7265.209961,"10":7266.899902,"11":7339.910156,"12":7404.970215,"13":7402.879883,"14":7405.6931966667,"15":7408.5065103333,"16":7411.319824,"17":7351.629883,"18":7398.299805,"19":7382.470215,"20":7354.339844,"21":7367.5732423333,"22":7380.8066406667,"23":7394.040039,"24":7378.459961,"25":7425.959961,"26":7424.430176,"27":7433.850098}}