{"f2v1n2e20_loss":{"0":0.202690314,"1":0.0306344662,"2":0.0050320259,"3":0.0045239698,"4":0.0042720958,"5":0.0039606558,"6":0.0037321101,"7":0.0034420475,"8":0.0032463269,"9":0.0029333967,"10":0.0026371173,"11":0.00236918,"12":0.0021479147,"13":0.0019083605,"14":0.0016468235,"15":0.0014251552,"16":0.0012549979,"17":0.0010766083,"18":0.0009187461,"19":0.00080234},"f2v1n2e20val_loss":{"0":0.2998406263,"1":0.0544644583,"2":0.0374211469,"3":0.0302598178,"4":0.0288049781,"5":0.0250215844,"6":0.0288878211,"7":0.0237413867,"8":0.0230239519,"9":0.0167500381,"10":0.0180121615,"11":0.018219057,"12":0.013812168,"13":0.009137008,"14":0.011334727,"15":0.0079770871,"16":0.007283319,"17":0.0061194277,"18":0.0080306025,"19":0.0050484553}}