{"f2v7n4e20":{"0":1535.8814697266,"1":1535.5754394531,"2":1531.2222900391,"3":1532.3726806641,"4":1533.6632080078,"5":1535.7655029297,"6":1538.6944580078,"7":1540.0423583984,"8":1543.3968505859,"9":1548.2025146484,"10":1553.3519287109,"11":1557.9632568359,"12":1561.5584716797,"13":1563.3283691406,"14":1559.9089355469,"15":1558.9180908203,"16":1559.3068847656,"17":1559.7928466797,"18":1561.7877197266,"19":1564.9569091797,"20":1570.0053710938,"21":1570.8176269531},"Y":{"0":1565.599976,"1":1570.0499676667,"2":1574.4999593333,"3":1578.949951,"4":1586.390015,"5":1596.050049,"6":1603.709961,"7":1606.790039,"8":1604.6400146667,"9":1602.4899903333,"10":1600.339966,"11":1600.339966,"12":1616.369995,"13":1625.290039,"14":1626.630005,"15":1630.233317,"16":1633.836629,"17":1637.439941,"18":1625.23999,"19":1627.609985,"20":1628.219971,"21":1626.930054}}