{"f2v7n4e20":{"0":1555.6049804688,"1":1554.4545898438,"2":1558.5227050781,"3":1562.1918945312,"4":1566.0404052734,"5":1569.9731445312,"6":1574.9992675781,"7":1580.8853759766,"8":1587.0615234375,"9":1591.9345703125,"10":1595.248046875,"11":1597.3845214844,"12":1598.5244140625,"13":1598.0952148438,"14":1601.2612304688,"15":1604.9947509766,"16":1608.3856201172,"17":1612.3764648438,"18":1616.6619873047,"19":1621.2489013672,"20":1621.3548583984,"21":1622.0284423828},"Y":{"0":1565.599976,"1":1570.0499676667,"2":1574.4999593333,"3":1578.949951,"4":1586.390015,"5":1596.050049,"6":1603.709961,"7":1606.790039,"8":1604.6400146667,"9":1602.4899903333,"10":1600.339966,"11":1600.339966,"12":1616.369995,"13":1625.290039,"14":1626.630005,"15":1630.233317,"16":1633.836629,"17":1637.439941,"18":1625.23999,"19":1627.609985,"20":1628.219971,"21":1626.930054}}