{"f2v7n4e20_loss":{"0":0.0010578351,"1":0.0005097196,"2":0.0004557777,"3":0.0004460844,"4":0.0003511635,"5":0.0003619582,"6":0.0003080847,"7":0.0003310628,"8":0.000234819,"9":0.0002268931,"10":0.0002136452,"11":0.0002713419,"12":0.0001827175,"13":0.0001901258,"14":0.0001715153,"15":0.0001689373,"16":0.0001465568,"17":0.0001440306,"18":0.0001628163,"19":0.0001796392},"f2v7n4e20val_loss":{"0":0.0004505372,"1":0.0002862706,"2":0.0002709971,"3":0.0002514316,"4":0.0004214294,"5":0.0003077717,"6":0.0001955595,"7":0.000298758,"8":0.0001321261,"9":0.0001707468,"10":0.0003168944,"11":0.0003933557,"12":0.0001268019,"13":0.000122917,"14":0.0001924655,"15":0.0001226152,"16":0.0001279368,"17":0.0001479968,"18":0.000129075,"19":0.0001112941}}