{"f2v7n4e20_loss":{"0":0.0373206598,"1":0.0040324834,"2":0.0027400754,"3":0.0021009388,"4":0.0016857828,"5":0.0015700555,"6":0.0014921402,"7":0.0013334614,"8":0.0012598722,"9":0.0012620771,"10":0.0010596113,"11":0.0009915636,"12":0.0009896311,"13":0.0007960002,"14":0.0007587534,"15":0.0007596437,"16":0.0006332947,"17":0.000587742,"18":0.0005853418,"19":0.000480292},"f2v7n4e20val_loss":{"0":0.0403317923,"1":0.0293880233,"2":0.0178271631,"3":0.0114746258,"4":0.0064716811,"5":0.0045056844,"6":0.0032449792,"7":0.0051885399,"8":0.0023806721,"9":0.0033025057,"10":0.0011403654,"11":0.0026741571,"12":0.0014379947,"13":0.0022819299,"14":0.0007442864,"15":0.0027699452,"16":0.0003018945,"17":0.0007890276,"18":0.0004683715,"19":0.0002028227}}