{"f2v2n2e20":{"0":2494.6555175781,"1":2493.2907714844,"2":2488.5554199219,"3":2483.8046875,"4":2485.8110351562,"5":2484.1801757812,"6":2475.2541503906,"7":2488.1123046875,"8":2499.8354492188,"9":2501.9187011719,"10":2503.9985351562,"11":2504.3088378906,"12":2511.3361816406,"13":2527.3256835938,"14":2535.96875,"15":2537.1501464844,"16":2538.4538574219,"17":2539.7536621094,"18":2533.6162109375,"19":2529.9665527344,"20":2529.4658203125,"21":2523.2983398438,"22":2522.3347167969,"23":2526.2380371094,"24":2530.1376953125,"25":2529.3518066406,"26":2532.5849609375},"Y":{"0":2655.33667,"1":2648.050049,"2":2654.800049,"3":2635.669922,"4":2629.72998,"5":2663.419922,"6":2666.489909,"7":2669.559896,"8":2672.629883,"9":2671.919922,"10":2697.790039,"11":2723.070068,"12":2727.719971,"13":2728.523275,"14":2729.326579,"15":2730.129883,"16":2711.449951,"17":2722.459961,"18":2720.129883,"19":2712.969971,"20":2719.649984,"21":2726.329997,"22":2733.01001,"23":2724.439941,"24":2733.290039,"25":2727.76001,"26":2721.330078}}