{"f2v2n2e20_loss":{"0":0.7021961932,"1":0.2149710569,"2":0.0253382638,"3":0.005138442,"4":0.0044898911,"5":0.0041889733,"6":0.0039286535,"7":0.003616237,"8":0.0033954878,"9":0.0030569165,"10":0.002788677,"11":0.0025427975,"12":0.0022113397,"13":0.0019641441,"14":0.0017315409,"15":0.0014808642,"16":0.0013181162,"17":0.0011305776,"18":0.0009898833,"19":0.0008358538},"f2v2n2e20val_loss":{"0":0.9097971469,"1":0.2440547545,"2":0.0513290686,"3":0.0334063233,"4":0.0275568736,"5":0.0236099416,"6":0.0216951151,"7":0.0216633282,"8":0.0210404073,"9":0.0169311354,"10":0.0126043039,"11":0.0127751614,"12":0.0105862858,"13":0.0082937405,"14":0.0083858689,"15":0.0086253502,"16":0.0068725153,"17":0.0041973328,"18":0.0024229633,"19":0.0026512119}}