{"f2v2n2e20":{"0":5911.556640625,"1":5908.0034179688,"2":5900.5107421875,"3":5892.9790039062,"4":5893.8408203125,"5":5883.37109375,"6":5872.4306640625,"7":5894.9291992188,"8":5914.1572265625,"9":5917.6889648438,"10":5921.2133789062,"11":5921.3305664062,"12":5935.1396484375,"13":5961.0200195312,"14":5975.2495117188,"15":5979.1401367188,"16":5981.5498046875,"17":5983.95703125,"18":5971.3017578125,"19":5965.49609375,"20":5964.1943359375,"21":5957.0361328125,"22":5959.0327148438,"23":5967.3569335938,"24":5975.6328125,"25":5973.2138671875,"26":5974.6059570312},"Y":{"0":7084.1132816667,"1":7066.27002,"2":7130.700195,"3":7100.899902,"4":7088.149902,"5":7209.620117,"6":7228.150065,"7":7246.680013,"8":7265.209961,"9":7266.899902,"10":7339.910156,"11":7404.970215,"12":7402.879883,"13":7405.6931966667,"14":7408.5065103333,"15":7411.319824,"16":7351.629883,"17":7398.299805,"18":7382.470215,"19":7354.339844,"20":7367.5732423333,"21":7380.8066406667,"22":7394.040039,"23":7378.459961,"24":7425.959961,"25":7424.430176,"26":7433.850098}}