{"f2v2n2e20_loss":{"0":0.2163892203,"1":0.0339710586,"2":0.0053318435,"3":0.0040990285,"4":0.0038644923,"5":0.0036453605,"6":0.0034067945,"7":0.0030913911,"8":0.0028882472,"9":0.002652098,"10":0.0023775731,"11":0.0020869711,"12":0.0018712181,"13":0.0016264833,"14":0.0013363447,"15":0.0012049061,"16":0.0010203732,"17":0.0008307749,"18":0.000710943,"19":0.0006024812},"f2v2n2e20val_loss":{"0":0.2664714031,"1":0.0739381799,"2":0.0369722042,"3":0.0352562418,"4":0.032108871,"5":0.0323736866,"6":0.0257242396,"7":0.0293896982,"8":0.0213536273,"9":0.0201450603,"10":0.0195164026,"11":0.0169060709,"12":0.0180547789,"13":0.0166560513,"14":0.0137194938,"15":0.0148399727,"16":0.0161186945,"17":0.0138336538,"18":0.0133071102,"19":0.0132870702}}