{"f2v15n4e20":{"0":1498.0341796875,"1":1500.8134765625,"2":1502.3564453125,"3":1503.4562988281,"4":1504.2033691406,"5":1504.1090087891,"6":1508.8759765625,"7":1512.1291503906,"8":1513.6196289062,"9":1515.9505615234,"10":1518.2381591797,"11":1520.5599365234,"12":1519.0745849609,"13":1520.5008544922},"Y":{"0":1604.6400146667,"1":1602.4899903333,"2":1600.339966,"3":1600.339966,"4":1616.369995,"5":1625.290039,"6":1626.630005,"7":1630.233317,"8":1633.836629,"9":1637.439941,"10":1625.23999,"11":1627.609985,"12":1628.219971,"13":1626.930054}}