{"f2v15n4e20_loss":{"0":0.0171101262,"1":0.0012103198,"2":0.0007550029,"3":0.0005066337,"4":0.0003895841,"5":0.0003289166,"6":0.0003125907,"7":0.0003212045,"8":0.000276368,"9":0.0002913152,"10":0.0002740701,"11":0.0002794653,"12":0.0003343888,"13":0.0002784387,"14":0.0002532744,"15":0.0002673372,"16":0.0002367541,"17":0.0003150144,"18":0.0002193547,"19":0.0002652352},"f2v15n4e20val_loss":{"0":0.0133412397,"1":0.0105623781,"2":0.0076652692,"3":0.0036178738,"4":0.0041981928,"5":0.0018060497,"6":0.0020209216,"7":0.0009114399,"8":0.0019606793,"9":0.0011836679,"10":0.0021172806,"11":0.0009782128,"12":0.0011541372,"13":0.0019720976,"14":0.0004567317,"15":0.0021164518,"16":0.0003631857,"17":0.0006080584,"18":0.0010080427,"19":0.0009865124}}