{"f15v15n4e20":{"0":5806.6596679688},"Y":{"0":7433.850098}}