{"f15v15n4e20_loss":{"0":0.0436048552,"1":0.023838169,"2":0.0186455634,"3":0.0109344265,"4":0.0036579685,"5":0.0021101212,"6":0.002130484,"7":0.002139433,"8":0.0017115986,"9":0.0017784124,"10":0.0017547049,"11":0.0016781872,"12":0.0015377497,"13":0.0015830428,"14":0.0014709209,"15":0.001287758,"16":0.0014195437,"17":0.0013627701,"18":0.0015054751,"19":0.0015339096},"f15v15n4e20val_loss":{"0":0.2335080434,"1":0.2279922578,"2":0.1783765232,"3":0.1074482807,"4":0.073580907,"5":0.0586281554,"6":0.0516849687,"7":0.0547699902,"8":0.0457855625,"9":0.0493343633,"10":0.0431805733,"11":0.0435456382,"12":0.0425116503,"13":0.0446878212,"14":0.0399018428,"15":0.0364268097,"16":0.0382683123,"17":0.041985366,"18":0.0388812417,"19":0.0434543943}}