{"f15v1n2e20":{"0":5837.5600585938,"1":5836.0966796875,"2":5829.091796875,"3":5822.076171875,"4":5815.05078125,"5":5825.5209960938,"6":5816.68359375,"7":5806.5185546875,"8":5861.263671875,"9":5870.166015625,"10":5879.0419921875,"11":5887.890625,"12":5894.7099609375,"13":5925.0590820312,"14":5952.3061523438},"Y":{"0":7402.879883,"1":7405.6931966667,"2":7408.5065103333,"3":7411.319824,"4":7351.629883,"5":7398.299805,"6":7382.470215,"7":7354.339844,"8":7367.5732423333,"9":7380.8066406667,"10":7394.040039,"11":7378.459961,"12":7425.959961,"13":7424.430176,"14":7433.850098}}