{"f15v1n2e20_loss":{"0":0.0776050185,"1":0.0410292356,"2":0.0303064902,"3":0.0277861616,"4":0.0268579144,"5":0.0259204168,"6":0.0249553803,"7":0.0239188201,"8":0.0228068783,"9":0.0216700425,"10":0.0201908226,"11":0.0188259603,"12":0.0174224702,"13":0.0156551871,"14":0.0140639873,"15":0.0121686892,"16":0.0105645004,"17":0.0088370816,"18":0.007414764,"19":0.0061127505},"f15v1n2e20val_loss":{"0":0.4277592057,"1":0.3192987568,"2":0.2693356837,"3":0.2414126058,"4":0.2333717819,"5":0.2318260686,"6":0.2188906108,"7":0.2106219375,"8":0.1958218325,"9":0.1886590582,"10":0.1648794484,"11":0.1521174534,"12":0.14169565,"13":0.1135593563,"14":0.102007619,"15":0.0804900909,"16":0.0763243681,"17":0.0687747442,"18":0.0625000269,"19":0.0470602045}}