{"f1v7n2e20":{"0":1497.1929931641,"1":1494.7568359375,"2":1500.4180908203,"3":1502.2614746094,"4":1504.0821533203,"5":1505.9858398438,"6":1508.8293457031,"7":1513.3822021484,"8":1517.6663818359,"9":1520.0062255859,"10":1520.9566650391,"11":1521.4464111328,"12":1521.5867919922,"13":1520.4282226562,"14":1524.4854736328,"15":1527.005859375,"16":1528.5083007812,"17":1531.3693847656,"18":1534.4488525391,"19":1537.6635742188,"20":1535.7479248047,"21":1536.6756591797,"22":1536.0968017578},"Y":{"0":1546.560059,"1":1565.599976,"2":1570.0499676667,"3":1574.4999593333,"4":1578.949951,"5":1586.390015,"6":1596.050049,"7":1603.709961,"8":1606.790039,"9":1604.6400146667,"10":1602.4899903333,"11":1600.339966,"12":1600.339966,"13":1616.369995,"14":1625.290039,"15":1626.630005,"16":1630.233317,"17":1633.836629,"18":1637.439941,"19":1625.23999,"20":1627.609985,"21":1628.219971,"22":1626.930054}}