{"f1v7n2e20_loss":{"0":0.0044827779,"1":0.0028775032,"2":0.0015546423,"3":0.000902115,"4":0.0005056452,"5":0.0003428308,"6":0.0002815393,"7":0.0002534985,"8":0.0002405938,"9":0.0002257317,"10":0.0002236577,"11":0.0002194899,"12":0.0002203307,"13":0.0002170834,"14":0.0001925398,"15":0.000188733,"16":0.0001955055,"17":0.0002161687,"18":0.000179743,"19":0.0002054613},"f1v7n2e20val_loss":{"0":0.0339147584,"1":0.0191240529,"2":0.0101859462,"3":0.0072868404,"4":0.0036321479,"5":0.0020176655,"6":0.0019350422,"7":0.0009163556,"8":0.0008418773,"9":0.0008804036,"10":0.0011664516,"11":0.0009892047,"12":0.0008655918,"13":0.0010503626,"14":0.0006516887,"15":0.0014661472,"16":0.0013063543,"17":0.0004406623,"18":0.0004217116,"19":0.0004388249}}