{"f15v2n2e20":{"0":1290.1440429688,"1":1289.8327636719,"2":1289.2663574219,"3":1288.6968994141,"4":1288.5186767578,"5":1287.9000244141,"6":1286.9586181641,"7":1288.8128662109,"8":1291.0865478516,"9":1291.5684814453,"10":1292.0483398438,"11":1292.3696289062,"12":1293.4721679688,"13":1295.5936279297},"Y":{"0":1604.6400146667,"1":1602.4899903333,"2":1600.339966,"3":1600.339966,"4":1616.369995,"5":1625.290039,"6":1626.630005,"7":1630.233317,"8":1633.836629,"9":1637.439941,"10":1625.23999,"11":1627.609985,"12":1628.219971,"13":1626.930054}}