{"f15v2n2e20_loss":{"0":0.1370401725,"1":0.0382855046,"2":0.0264288709,"3":0.0257459441,"4":0.0247736325,"5":0.0239847875,"6":0.0230799824,"7":0.022009567,"8":0.0212017502,"9":0.0201445939,"10":0.0191411083,"11":0.018179023,"12":0.016909662,"13":0.0158340865,"14":0.0149235429,"15":0.0139068804,"16":0.0132010848,"17":0.0122104522,"18":0.011150853,"19":0.0104166336},"f15v2n2e20val_loss":{"0":0.3299400735,"1":0.1643734722,"2":0.1232077482,"3":0.111014489,"4":0.1117880189,"5":0.1037046913,"6":0.1048715799,"7":0.0989196128,"8":0.0917044894,"9":0.0918194586,"10":0.07928253,"11":0.0863502611,"12":0.0754553409,"13":0.0817592688,"14":0.0764786383,"15":0.0763042553,"16":0.0622560227,"17":0.0652803571,"18":0.0685632618,"19":0.0569515504}}