{"f7v2n2e20":{"0":2436.166015625,"1":2434.9094238281,"2":2433.1818847656,"3":2431.447265625,"4":2429.9064941406,"5":2427.6176757812,"6":2424.8864746094,"7":2430.306640625,"8":2439.2204589844,"9":2441.3918457031,"10":2443.5524902344,"11":2445.7006835938,"12":2450.3383789062,"13":2457.525390625,"14":2462.5461425781,"15":2464.0856933594,"16":2464.0551757812,"17":2464.0251464844,"18":2461.7917480469,"19":2461.9907226562,"20":2465.6896972656,"21":2466.2707519531},"Y":{"0":2663.419922,"1":2666.489909,"2":2669.559896,"3":2672.629883,"4":2671.919922,"5":2697.790039,"6":2723.070068,"7":2727.719971,"8":2728.523275,"9":2729.326579,"10":2730.129883,"11":2711.449951,"12":2722.459961,"13":2720.129883,"14":2712.969971,"15":2719.649984,"16":2726.329997,"17":2733.01001,"18":2724.439941,"19":2733.290039,"20":2727.76001,"21":2721.330078}}