{"f7v2n2e20_loss":{"0":0.0891410572,"1":0.0294392952,"2":0.025811073,"3":0.0246735775,"4":0.0233661386,"5":0.022292299,"6":0.0212807646,"7":0.0199445415,"8":0.0187254193,"9":0.017566706,"10":0.0163240252,"11":0.014904115,"12":0.0134529363,"13":0.012085522,"14":0.0107803822,"15":0.0098346478,"16":0.0084218549,"17":0.0068284016,"18":0.0057783859,"19":0.004886018},"f7v2n2e20val_loss":{"0":0.2341970662,"1":0.1757158231,"2":0.1329528499,"3":0.1242265499,"4":0.1300502241,"5":0.1037286712,"6":0.1096798122,"7":0.098638164,"8":0.0988811099,"9":0.0733391776,"10":0.0703092862,"11":0.0659836791,"12":0.0613487861,"13":0.0548210187,"14":0.0451114094,"15":0.0264875528,"16":0.0216702003,"17":0.013446981,"18":0.0146243422,"19":0.0159039824}}