{"f1v15n4e20":{"0":23817.703125,"1":23870.98828125,"2":23910.439453125,"3":23944.919921875,"4":23975.548828125,"5":23953.5703125,"6":24011.56640625,"7":24021.2109375,"8":24005.99609375,"9":24022.423828125,"10":24051.6171875,"11":24090.14453125,"12":24067.89453125,"13":24105.154296875,"14":24111.0859375},"Y":{"0":24831.169922,"1":24853.9166666667,"2":24876.6634113333,"3":24899.410156,"4":24706.410156,"5":24768.929688,"6":24713.980469,"7":24715.089844,"8":24814.4895836667,"9":24913.8893233333,"10":25013.289063,"11":24834.410156,"12":24886.810547,"13":24811.759766,"14":24753.089844}}