{"f1v15n4e20_loss":{"0":0.7196152297,"1":0.0140498367,"2":0.0024858823,"3":0.0023802292,"4":0.002188176,"5":0.0020881221,"6":0.0018339485,"7":0.0016008597,"8":0.0013564673,"9":0.0010809908,"10":0.0008996547,"11":0.0006551228,"12":0.0004279615,"13":0.0002822922,"14":0.0001712068,"15":0.0001314294,"16":0.0000849706,"17":0.0000743738,"18":0.0000750321,"19":0.0000628215},"f1v15n4e20val_loss":{"0":0.2460061127,"1":0.0269513591,"2":0.0255995153,"3":0.020199559,"4":0.0252121254,"5":0.0158731489,"6":0.0152518195,"7":0.014191584,"8":0.0125763611,"9":0.0141277594,"10":0.007836995,"11":0.0063310569,"12":0.0039380743,"13":0.0037498798,"14":0.002290532,"15":0.0014755065,"16":0.0016786622,"17":0.0007882712,"18":0.0008688193,"19":0.000771062}}