{"f2v7n2e20":{"0":2596.6369628906,"1":2594.5046386719,"2":2595.2893066406,"3":2598.1860351562,"4":2600.8264160156,"5":2603.3410644531,"6":2604.2900390625,"7":2606.9606933594,"8":2613.3215332031,"9":2621.3762207031,"10":2627.6733398438,"11":2633.2648925781,"12":2638.41796875,"13":2638.2612304688,"14":2634.0808105469,"15":2628.8937988281,"16":2626.4748535156,"17":2625.2592773438,"18":2626.0649414062,"19":2628.3908691406,"20":2626.7202148438,"21":2625.9113769531},"Y":{"0":2663.419922,"1":2666.489909,"2":2669.559896,"3":2672.629883,"4":2671.919922,"5":2697.790039,"6":2723.070068,"7":2727.719971,"8":2728.523275,"9":2729.326579,"10":2730.129883,"11":2711.449951,"12":2722.459961,"13":2720.129883,"14":2712.969971,"15":2719.649984,"16":2726.329997,"17":2733.01001,"18":2724.439941,"19":2733.290039,"20":2727.76001,"21":2721.330078}}