{"f2v7n2e20_loss":{"0":0.0915898134,"1":0.0100090443,"2":0.0085846586,"3":0.0068860711,"4":0.005502507,"5":0.0038794215,"6":0.0025752413,"7":0.0016237634,"8":0.001015547,"9":0.0005910108,"10":0.0003594587,"11":0.0002890098,"12":0.0002438803,"13":0.000225887,"14":0.0002047833,"15":0.0002196904,"16":0.0002388249,"17":0.0002038181,"18":0.0001848569,"19":0.000196952},"f2v7n2e20val_loss":{"0":0.0619038748,"1":0.0485526952,"2":0.0413833616,"3":0.0363957163,"4":0.0213067507,"5":0.0163469574,"6":0.0074668276,"7":0.0059680012,"8":0.0041032393,"9":0.0007162261,"10":0.0006329007,"11":0.0003930678,"12":0.0003090578,"13":0.0001280299,"14":0.0002467751,"15":0.0003734195,"16":0.0001385106,"17":0.0002270415,"18":0.0001417933,"19":0.0002644585}}