{"f15v2n2e20":{"0":20868.560546875,"1":20856.244140625,"2":20837.53515625,"3":20818.79296875,"4":20847.92578125,"5":20893.908203125,"6":20865.96484375,"7":20957.88671875,"8":21059.240234375,"9":21094.5859375,"10":21129.884765625,"11":21162.748046875,"12":21219.375,"13":21301.462890625},"Y":{"0":24853.9166666667,"1":24876.6634113333,"2":24899.410156,"3":24706.410156,"4":24768.929688,"5":24713.980469,"6":24715.089844,"7":24814.4895836667,"8":24913.8893233333,"9":25013.289063,"10":24834.410156,"11":24886.810547,"12":24811.759766,"13":24753.089844}}