{"f15v2n2e20_loss":{"0":0.1246669335,"1":0.0301604754,"2":0.0180240374,"3":0.0165577885,"4":0.0160467464,"5":0.0152690748,"6":0.0143967096,"7":0.0136562586,"8":0.0131233745,"9":0.0118431222,"10":0.0109906911,"11":0.009882417,"12":0.0091499977,"13":0.0083247891,"14":0.0073775192,"15":0.0065317075,"16":0.0057689341,"17":0.0049279072,"18":0.004297007,"19":0.0037833146},"f15v2n2e20val_loss":{"0":0.4255098934,"1":0.2496481759,"2":0.2030261553,"3":0.1982083802,"4":0.1855010524,"5":0.164471008,"6":0.1572262151,"7":0.1580351931,"8":0.1333260336,"9":0.1182632559,"10":0.1267136402,"11":0.105586355,"12":0.1018097293,"13":0.0889687353,"14":0.0871570457,"15":0.068170924,"16":0.0603191334,"17":0.0553844849,"18":0.0393803897,"19":0.0453564363}}