{"f1v15n4e20":{"0":6637.7041015625,"1":6657.4541015625,"2":6673.880859375,"3":6689.2377929688,"4":6703.2841796875,"5":6700.2104492188,"6":6709.9340820312,"7":6711.1318359375,"8":6710.4521484375,"9":6715.4477539062,"10":6721.5620117188,"11":6728.5346679688,"12":6724.3588867188,"13":6732.7001953125,"14":6731.9384765625},"Y":{"0":7402.879883,"1":7405.6931966667,"2":7408.5065103333,"3":7411.319824,"4":7351.629883,"5":7398.299805,"6":7382.470215,"7":7354.339844,"8":7367.5732423333,"9":7380.8066406667,"10":7394.040039,"11":7378.459961,"12":7425.959961,"13":7424.430176,"14":7433.850098}}