{"f1v15n4e20_loss":{"0":0.2470824847,"1":0.011032419,"2":0.0086191847,"3":0.0066512897,"4":0.0047698938,"5":0.0029069633,"6":0.0015921027,"7":0.0008375544,"8":0.0004545712,"9":0.0002648002,"10":0.0001906343,"11":0.0002044611,"12":0.0001699199,"13":0.0001579083,"14":0.0002001976,"15":0.000180895,"16":0.0001621621,"17":0.0001923359,"18":0.000170108,"19":0.0001585919},"f1v15n4e20val_loss":{"0":0.1834977559,"1":0.0772437325,"2":0.0513357354,"3":0.0457802373,"4":0.0337143054,"5":0.017765988,"6":0.0130490086,"7":0.0076249512,"8":0.0042988148,"9":0.0030204308,"10":0.0022466092,"11":0.0021964182,"12":0.0016215201,"13":0.0015110562,"14":0.0018161379,"15":0.0014427126,"16":0.002802158,"17":0.0023648348,"18":0.0019416725,"19":0.0025035738}}