{"f2v1n4e20":{"0":22417.025390625,"1":22417.509765625,"2":22378.185546875,"3":22338.8671875,"4":22299.55078125,"5":22336.146484375,"6":22250.884765625,"7":22215.658203125,"8":22470.93359375,"9":22504.763671875,"10":22538.5859375,"11":22572.39453125,"12":22587.720703125,"13":22744.095703125,"14":22893.5078125,"15":22927.55078125,"16":22931.73046875,"17":22935.900390625,"18":22940.064453125,"19":22822.7890625,"20":22919.59375,"21":22910.056640625,"22":22881.05859375,"23":22931.537109375,"24":22981.970703125,"25":23032.373046875,"26":22942.404296875,"27":23006.458984375},"Y":{"0":24261.843099,"1":24212.496745,"2":24163.150391,"3":24099.050781,"4":23924.980469,"5":23930.150391,"6":24262.509766,"7":24294.1132816667,"8":24325.7167973333,"9":24357.320313,"10":24360.210938,"11":24542.539063,"12":24739.529297,"13":24831.169922,"14":24853.9166666667,"15":24876.6634113333,"16":24899.410156,"17":24706.410156,"18":24768.929688,"19":24713.980469,"20":24715.089844,"21":24814.4895836667,"22":24913.8893233333,"23":25013.289063,"24":24834.410156,"25":24886.810547,"26":24811.759766,"27":24753.089844}}