{"f2v1n4e20_loss":{"0":0.1686481402,"1":0.0227881643,"2":0.0009433169,"3":0.0007035754,"4":0.00066055,"5":0.0006238515,"6":0.0005880632,"7":0.0005623113,"8":0.0004879795,"9":0.0004651921,"10":0.0004165946,"11":0.0003925801,"12":0.0003422065,"13":0.0003220479,"14":0.0002834475,"15":0.0002744376,"16":0.0002461927,"17":0.0002249728,"18":0.0002197509,"19":0.0002120892},"f2v1n4e20val_loss":{"0":0.1863941561,"1":0.0258494107,"2":0.0140646797,"3":0.0119274169,"4":0.0122851972,"5":0.0106479737,"6":0.0099893013,"7":0.0105607858,"8":0.0082428352,"9":0.0085673028,"10":0.0080439654,"11":0.0060391385,"12":0.0063838061,"13":0.0058885866,"14":0.006696434,"15":0.0051146139,"16":0.0045502327,"17":0.0052169329,"18":0.0035437539,"19":0.0036790444}}