{"f1v3n2e20":{"0":6562.154296875,"1":6554.5185546875,"2":6548.8081054688,"3":6551.1010742188,"4":6540.2514648438,"5":6539.4609375,"6":6574.0454101562,"7":6589.4233398438,"8":6612.525390625,"9":6623.0395507812,"10":6631.0288085938,"11":6655.9658203125,"12":6681.7421875,"13":6695.1186523438,"14":6701.9599609375,"15":6704.7333984375,"16":6705.4453125,"17":6689.5805664062,"18":6697.7436523438,"19":6697.5576171875,"20":6703.4799804688,"21":6712.6743164062,"22":6723.2998046875,"23":6735.7080078125,"24":6728.1669921875,"25":6732.3671875,"26":6722.6689453125},"Y":{"0":7084.1132816667,"1":7066.27002,"2":7130.700195,"3":7100.899902,"4":7088.149902,"5":7209.620117,"6":7228.150065,"7":7246.680013,"8":7265.209961,"9":7266.899902,"10":7339.910156,"11":7404.970215,"12":7402.879883,"13":7405.6931966667,"14":7408.5065103333,"15":7411.319824,"16":7351.629883,"17":7398.299805,"18":7382.470215,"19":7354.339844,"20":7367.5732423333,"21":7380.8066406667,"22":7394.040039,"23":7378.459961,"24":7425.959961,"25":7424.430176,"26":7433.850098}}