{"f1v3n2e20_loss":{"0":0.159870593,"1":0.0107057071,"2":0.0008834405,"3":0.0008289574,"4":0.0007729797,"5":0.0007088106,"6":0.0006564299,"7":0.0005713709,"8":0.0005350823,"9":0.0005120246,"10":0.0004864381,"11":0.0004612996,"12":0.000452112,"13":0.0004335814,"14":0.0004160493,"15":0.0003934655,"16":0.0003852451,"17":0.0003807756,"18":0.0003524175,"19":0.000342964},"f1v3n2e20val_loss":{"0":0.1030456983,"1":0.0155532868,"2":0.0114513044,"3":0.011305976,"4":0.0105079833,"5":0.0092478794,"6":0.0091381887,"7":0.007587477,"8":0.0070718821,"9":0.0076327897,"10":0.0070015232,"11":0.0062797618,"12":0.0059131759,"13":0.0053890494,"14":0.0061949062,"15":0.0061354876,"16":0.0050803469,"17":0.0045390409,"18":0.0045446577,"19":0.0042304483}}