{"f2v1n2e20":{"0":2534.5659179688,"1":2533.5788574219,"2":2530.6264648438,"3":2527.6726074219,"4":2524.7172851562,"5":2522.4086914062,"6":2515.7189941406,"7":2512.9599609375,"8":2535.7766113281,"9":2538.9074707031,"10":2542.0368652344,"11":2545.1643066406,"12":2547.7507324219,"13":2560.0991210938,"14":2572.2858886719,"15":2577.2543945312,"16":2577.5810546875,"17":2577.9079589844,"18":2578.2353515625,"19":2568.87890625,"20":2577.5815429688,"21":2577.8693847656,"22":2577.8759765625,"23":2583.5739746094,"24":2589.2624511719,"25":2594.9404296875,"26":2583.01171875,"27":2586.8125},"Y":{"0":2662.623291,"1":2655.33667,"2":2648.050049,"3":2654.800049,"4":2635.669922,"5":2629.72998,"6":2663.419922,"7":2666.489909,"8":2669.559896,"9":2672.629883,"10":2671.919922,"11":2697.790039,"12":2723.070068,"13":2727.719971,"14":2728.523275,"15":2729.326579,"16":2730.129883,"17":2711.449951,"18":2722.459961,"19":2720.129883,"20":2712.969971,"21":2719.649984,"22":2726.329997,"23":2733.01001,"24":2724.439941,"25":2733.290039,"26":2727.76001,"27":2721.330078}}