{"f2v1n2e20_loss":{"0":0.3296597093,"1":0.1117534243,"2":0.0133390347,"3":0.0034454016,"4":0.0030739073,"5":0.0030123808,"6":0.0028706507,"7":0.0027259317,"8":0.0025875938,"9":0.0024318693,"10":0.0022629941,"11":0.0021712135,"12":0.0019285315,"13":0.0018460038,"14":0.0016727901,"15":0.0015267754,"16":0.0013822429,"17":0.0012296507,"18":0.0010762302,"19":0.0009877433},"f2v1n2e20val_loss":{"0":0.4559960072,"1":0.117476517,"2":0.0251702837,"3":0.0158787813,"4":0.0118898863,"5":0.0124285471,"6":0.012274551,"7":0.0127783468,"8":0.0099464387,"9":0.0109073932,"10":0.0071513697,"11":0.0069481791,"12":0.0047009801,"13":0.0046655739,"14":0.0051730459,"15":0.0027831255,"16":0.0027286644,"17":0.0029490109,"18":0.001405275,"19":0.0018829579}}