{"f7v1n2e20":{"0":22373.603515625,"1":22375.595703125,"2":22344.53515625,"3":22313.38671875,"4":22282.158203125,"5":22345.720703125,"6":22267.919921875,"7":22258.240234375,"8":22454.05078125,"9":22478.140625,"10":22502.22265625,"11":22526.291015625,"12":22522.998046875,"13":22598.291015625,"14":22669.26953125,"15":22675.791015625,"16":22684.17578125,"17":22692.53515625,"18":22700.875,"19":22626.076171875,"20":22647.7421875,"21":22614.4921875,"22":22588.080078125},"Y":{"0":23930.150391,"1":24262.509766,"2":24294.1132816667,"3":24325.7167973333,"4":24357.320313,"5":24360.210938,"6":24542.539063,"7":24739.529297,"8":24831.169922,"9":24853.9166666667,"10":24876.6634113333,"11":24899.410156,"12":24706.410156,"13":24768.929688,"14":24713.980469,"15":24715.089844,"16":24814.4895836667,"17":24913.8893233333,"18":25013.289063,"19":24834.410156,"20":24886.810547,"21":24811.759766,"22":24753.089844}}