{"f7v1n2e20_loss":{"0":0.0307794763,"1":0.0103976403,"2":0.0097231918,"3":0.0090300474,"4":0.0085308047,"5":0.0079011371,"6":0.0072194267,"7":0.0065561281,"8":0.0059665169,"9":0.0054861083,"10":0.0046486687,"11":0.0042268984,"12":0.0036645173,"13":0.0032217127,"14":0.0028327581,"15":0.0024586667,"16":0.0021512306,"17":0.0019199555,"18":0.0016885608,"19":0.0015028749},"f7v1n2e20val_loss":{"0":0.1458943723,"1":0.1106460687,"2":0.1059949426,"3":0.1116297805,"4":0.0890255315,"5":0.0863195016,"6":0.0772075112,"7":0.069754843,"8":0.0598523315,"9":0.0601325991,"10":0.0563408675,"11":0.0408051012,"12":0.0338416779,"13":0.0326285975,"14":0.0240581085,"15":0.0216479265,"16":0.019546552,"17":0.020802926,"18":0.0166048715,"19":0.0135785306}}