{"f15v15n4e20":{"0":20501.5078125},"Y":{"0":24753.089844}}