{"f15v15n4e20_loss":{"0":0.2230878031,"1":0.0149557616,"2":0.0101013044,"3":0.0058050622,"4":0.0036784415,"5":0.0029350841,"6":0.0025062318,"7":0.0026583171,"8":0.002435352,"9":0.0024114147,"10":0.0022879889,"11":0.0023679707,"12":0.0022626012,"13":0.0022664059,"14":0.0022680797,"15":0.0021199814,"16":0.0021235835,"17":0.0019701466,"18":0.0021405691,"19":0.0019740571},"f15v15n4e20val_loss":{"0":0.1650466493,"1":0.1428538081,"2":0.1065259861,"3":0.0565790553,"4":0.0436584979,"5":0.0425748419,"6":0.0386839015,"7":0.0384637813,"8":0.0459552027,"9":0.045501272,"10":0.0468696903,"11":0.0488466,"12":0.0466295497,"13":0.0486893976,"14":0.0489844456,"15":0.0486308495,"16":0.0513696522,"17":0.0414619778,"18":0.0475791415,"19":0.0475519309}}