{"f2v15n2e20":{"0":1401.7681884766,"1":1403.2105712891,"2":1403.5665283203,"3":1403.8459472656,"4":1404.0972900391,"5":1403.2121582031,"6":1405.5870361328,"7":1407.0200195312,"8":1407.2757568359,"9":1408.2286376953,"10":1409.1534423828,"11":1410.0447998047,"12":1408.2250976562,"13":1408.7019042969},"Y":{"0":1604.6400146667,"1":1602.4899903333,"2":1600.339966,"3":1600.339966,"4":1616.369995,"5":1625.290039,"6":1626.630005,"7":1630.233317,"8":1633.836629,"9":1637.439941,"10":1625.23999,"11":1627.609985,"12":1628.219971,"13":1626.930054}}