{"f2v15n2e20_loss":{"0":0.2964078899,"1":0.0073596256,"2":0.0049052374,"3":0.00442956,"4":0.0039396734,"5":0.0034602436,"6":0.0029857796,"7":0.0025549674,"8":0.0022424376,"9":0.001910281,"10":0.0017103115,"11":0.0015289683,"12":0.0014138594,"13":0.0013191986,"14":0.0012992074,"15":0.0011943324,"16":0.0013217789,"17":0.0011712867,"18":0.0011809249,"19":0.0011543022},"f2v15n2e20val_loss":{"0":0.1055211105,"1":0.0385184242,"2":0.0363535383,"3":0.0311609125,"4":0.0274080579,"5":0.0247944784,"6":0.0219814269,"7":0.0181848795,"8":0.0169209167,"9":0.0109820699,"10":0.0098832732,"11":0.008123645,"12":0.0074786254,"13":0.0059367995,"14":0.0055892965,"15":0.0077693593,"16":0.0063985689,"17":0.0061218433,"18":0.006333871,"19":0.0049939869}}