{"f7v2n2e20":{"0":1375.4854736328,"1":1375.1824951172,"2":1374.3580322266,"3":1373.529296875,"4":1373.474609375,"5":1373.4053955078,"6":1371.7614746094,"7":1373.4141845703,"8":1376.9461669922,"9":1377.7983398438,"10":1378.6437988281,"11":1379.5246582031,"12":1381.3526611328,"13":1384.5037841797,"14":1386.5086669922,"15":1386.8897705078,"16":1386.7192382812,"17":1386.5477294922,"18":1385.9364013672,"19":1386.2629394531,"20":1388.1198730469,"21":1388.2286376953},"Y":{"0":1565.599976,"1":1570.0499676667,"2":1574.4999593333,"3":1578.949951,"4":1586.390015,"5":1596.050049,"6":1603.709961,"7":1606.790039,"8":1604.6400146667,"9":1602.4899903333,"10":1600.339966,"11":1600.339966,"12":1616.369995,"13":1625.290039,"14":1626.630005,"15":1630.233317,"16":1633.836629,"17":1637.439941,"18":1625.23999,"19":1627.609985,"20":1628.219971,"21":1626.930054}}