{"f7v2n2e20_loss":{"0":0.1001151508,"1":0.0312698881,"2":0.0246502385,"3":0.023746214,"4":0.0227034714,"5":0.0212628287,"6":0.0201468004,"7":0.0187321315,"8":0.0171127851,"9":0.0160338914,"10":0.0144670931,"11":0.0128413969,"12":0.0114803301,"13":0.0097415797,"14":0.0083805294,"15":0.0070933699,"16":0.0057883755,"17":0.0050183834,"18":0.0041005264,"19":0.0034356067},"f7v2n2e20val_loss":{"0":0.2947970397,"1":0.1546346222,"2":0.1311030592,"3":0.1271855928,"4":0.1123163344,"5":0.1215477319,"6":0.0992313212,"7":0.0886245856,"8":0.0960708362,"9":0.0720811562,"10":0.0619673087,"11":0.0592618744,"12":0.047323735,"13":0.0452429399,"14":0.0376661451,"15":0.0377281223,"16":0.0348760201,"17":0.0311648083,"18":0.0274323736,"19":0.021669098}}