{"f15v1n4e20":{"0":1585.91015625,"1":1585.7606201172,"2":1582.7366943359,"3":1579.7144775391,"4":1576.693359375,"5":1580.8590087891,"6":1576.6712646484,"7":1572.1409912109,"8":1593.5270996094,"9":1596.9079589844,"10":1600.2891845703,"11":1603.6704101562,"12":1606.2762451172,"13":1619.2327880859,"14":1631.0184326172},"Y":{"0":1606.790039,"1":1604.6400146667,"2":1602.4899903333,"3":1600.339966,"4":1600.339966,"5":1616.369995,"6":1625.290039,"7":1626.630005,"8":1630.233317,"9":1633.836629,"10":1637.439941,"11":1625.23999,"12":1627.609985,"13":1628.219971,"14":1626.930054}}