{"f15v1n4e20_loss":{"0":0.0437174357,"1":0.0233304965,"2":0.0217598851,"3":0.0204195596,"4":0.0193841945,"5":0.0174081265,"6":0.0160817853,"7":0.0144536287,"8":0.0127150642,"9":0.0118432539,"10":0.0101908256,"11":0.0089552454,"12":0.0077652919,"13":0.0068499882,"14":0.0060563073,"15":0.0052114338,"16":0.0047221826,"17":0.0043217774,"18":0.0039475447,"19":0.0036918223},"f15v1n4e20val_loss":{"0":0.155627861,"1":0.1180648532,"2":0.1254081935,"3":0.1005564946,"4":0.0943876318,"5":0.0695273065,"6":0.0598809727,"7":0.0505716807,"8":0.0682239667,"9":0.0378455181,"10":0.0340971922,"11":0.0194414823,"12":0.0150549484,"13":0.0091579741,"14":0.0079591446,"15":0.0039250932,"16":0.0020334812,"17":0.0020842835,"18":0.0025116658,"19":0.0026753863}}