{"f15v7n4e20":{"0":1514.7622070312,"1":1513.3898925781,"2":1515.8161621094,"3":1517.6011962891,"4":1519.8031005859,"5":1522.4189453125,"6":1524.9721679688,"7":1529.1829833984,"8":1534.3771972656},"Y":{"0":1625.290039,"1":1626.630005,"2":1630.233317,"3":1633.836629,"4":1637.439941,"5":1625.23999,"6":1627.609985,"7":1628.219971,"8":1626.930054}}