{"f15v7n4e20_loss":{"0":0.1319609012,"1":0.0293637893,"2":0.0273086666,"3":0.0250582659,"4":0.0220641181,"5":0.0192335715,"6":0.0165771955,"7":0.0144781807,"8":0.0112638924,"9":0.0091121533,"10":0.0069503406,"11":0.0059685432,"12":0.0048876511,"13":0.0046080449,"14":0.0042712804,"15":0.0038903529,"16":0.0038227858,"17":0.0039753673,"18":0.0038611646,"19":0.0032992928},"f15v7n4e20val_loss":{"0":0.2427424626,"1":0.1445616324,"2":0.1460035302,"3":0.122471098,"4":0.0993653304,"5":0.0915435673,"6":0.0881783206,"7":0.0481371716,"8":0.0469638426,"9":0.0132150802,"10":0.0138096052,"11":0.0129131875,"12":0.0035271836,"13":0.0017693933,"14":0.0015519548,"15":0.0017796098,"16":0.001558103,"17":0.001842441,"18":0.0035135775,"19":0.0021656395}}