{"f2v15n4e20":{"0":23062.177734375,"1":23101.962890625,"2":23130.32421875,"3":23154.859375,"4":23176.087890625,"5":23136.083984375,"6":23198.22265625,"7":23203.09375,"8":23196.2578125,"9":23225.15625,"10":23255.103515625,"11":23286.841796875,"12":23247.9921875,"13":23282.15234375},"Y":{"0":24853.9166666667,"1":24876.6634113333,"2":24899.410156,"3":24706.410156,"4":24768.929688,"5":24713.980469,"6":24715.089844,"7":24814.4895836667,"8":24913.8893233333,"9":25013.289063,"10":24834.410156,"11":24886.810547,"12":24811.759766,"13":24753.089844}}