{"f2v15n4e20_loss":{"0":0.002035973,"1":0.0001799647,"2":0.0001495499,"3":0.0001459232,"4":0.0001274478,"5":0.0001505757,"6":0.000136749,"7":0.0001358602,"8":0.0001400982,"9":0.0001353691,"10":0.0001384497,"11":0.0001768735,"12":0.0001401318,"13":0.0001222515,"14":0.0001278849,"15":0.0001311256,"16":0.0001378386,"17":0.0001274972,"18":0.0001381422,"19":0.0001364743},"f2v15n4e20val_loss":{"0":0.0048555037,"1":0.0046575697,"2":0.0030833486,"3":0.0027867749,"4":0.0044222623,"5":0.0036441658,"6":0.0037159386,"7":0.0037398058,"8":0.0031980985,"9":0.0040073532,"10":0.0037098849,"11":0.0027111435,"12":0.0044712039,"13":0.0028166006,"14":0.0030492331,"15":0.0036402867,"16":0.0036231402,"17":0.0026020274,"18":0.0033968888,"19":0.0025498764}}