{"f15v7n4e20":{"0":20545.955078125,"1":20546.333984375,"2":20540.837890625,"3":20544.111328125,"4":20556.4921875,"5":20573.197265625,"6":20594.904296875,"7":20610.05859375,"8":20619.6796875},"Y":{"0":24713.980469,"1":24715.089844,"2":24814.4895836667,"3":24913.8893233333,"4":25013.289063,"5":24834.410156,"6":24886.810547,"7":24811.759766,"8":24753.089844}}