{"f15v7n4e20_loss":{"0":0.4704221273,"1":0.0357736318,"2":0.0176878257,"3":0.0166372649,"4":0.0150489006,"5":0.0138706612,"6":0.0121462173,"7":0.0103442436,"8":0.0085808111,"9":0.0070067833,"10":0.0054306578,"11":0.0042860057,"12":0.0034587592,"13":0.0028487508,"14":0.0023372857,"15":0.0022531087,"16":0.002054694,"17":0.0019921595,"18":0.0017976058,"19":0.0018641264},"f15v7n4e20val_loss":{"0":0.7115705737,"1":0.2163564116,"2":0.1927580961,"3":0.1825678147,"4":0.1888043595,"5":0.1634500717,"6":0.12301219,"7":0.1008401871,"8":0.0947069076,"9":0.0580306501,"10":0.0544383832,"11":0.0512912255,"12":0.0338259891,"13":0.0371554561,"14":0.0306219584,"15":0.0351958278,"16":0.0406497667,"17":0.0417012147,"18":0.0425612024,"19":0.0442393386}}