{"f2v7n2e20":{"0":1390.8016357422,"1":1389.8586425781,"2":1391.3537597656,"3":1391.9792480469,"4":1392.6027832031,"5":1393.4521484375,"6":1394.5430908203,"7":1396.3041992188,"8":1398.1279296875,"9":1399.1170654297,"10":1399.7973632812,"11":1400.3493652344,"12":1400.7092285156,"13":1400.7722167969,"14":1402.2253417969,"15":1403.1051025391,"16":1403.4556884766,"17":1404.1198730469,"18":1404.8677978516,"19":1405.6112060547,"20":1405.2495117188,"21":1405.6231689453},"Y":{"0":1565.599976,"1":1570.0499676667,"2":1574.4999593333,"3":1578.949951,"4":1586.390015,"5":1596.050049,"6":1603.709961,"7":1606.790039,"8":1604.6400146667,"9":1602.4899903333,"10":1600.339966,"11":1600.339966,"12":1616.369995,"13":1625.290039,"14":1626.630005,"15":1630.233317,"16":1633.836629,"17":1637.439941,"18":1625.23999,"19":1627.609985,"20":1628.219971,"21":1626.930054}}