{"f2v7n2e20_loss":{"0":0.2038198916,"1":0.040426512,"2":0.0083375633,"3":0.0062502945,"4":0.0046178547,"5":0.002549247,"6":0.0014982031,"7":0.0008313501,"8":0.0005763255,"9":0.0005009946,"10":0.0004877516,"11":0.0004550347,"12":0.0004463584,"13":0.0004673322,"14":0.0004034418,"15":0.0004250136,"16":0.0003698077,"17":0.0003621412,"18":0.0003624131,"19":0.0003223708},"f2v7n2e20val_loss":{"0":0.2614320967,"1":0.0814945708,"2":0.0447369079,"3":0.040957017,"4":0.0306095328,"5":0.0219451264,"6":0.0142180773,"7":0.0101830389,"8":0.007468774,"9":0.0072375555,"10":0.0062767382,"11":0.0058350702,"12":0.005554144,"13":0.005662152,"14":0.0047625998,"15":0.0051540164,"16":0.0043917159,"17":0.0047071975,"18":0.0040746475,"19":0.0049149625}}