{"f7v1n4e20":{"0":6856.8198242188,"1":6859.2143554688,"2":6840.677734375,"3":6822.1313476562,"4":6803.578125,"5":6834.5283203125,"6":6791.6357421875,"7":6779.4340820312,"8":6891.1982421875,"9":6905.1723632812,"10":6919.14453125,"11":6933.11328125,"12":6934.408203125,"13":7005.501953125,"14":7073.095703125,"15":7083.2749023438,"16":7086.5009765625,"17":7089.7231445312,"18":7092.9409179688,"19":7035.5249023438,"20":7073.4033203125,"21":7061.7075195312,"22":7042.5688476562},"Y":{"0":7088.149902,"1":7209.620117,"2":7228.150065,"3":7246.680013,"4":7265.209961,"5":7266.899902,"6":7339.910156,"7":7404.970215,"8":7402.879883,"9":7405.6931966667,"10":7408.5065103333,"11":7411.319824,"12":7351.629883,"13":7398.299805,"14":7382.470215,"15":7354.339844,"16":7367.5732423333,"17":7380.8066406667,"18":7394.040039,"19":7378.459961,"20":7425.959961,"21":7424.430176,"22":7433.850098}}