{"f7v1n4e20_loss":{"0":0.0393835694,"1":0.0183441832,"2":0.0170437941,"3":0.0160825497,"4":0.0150897304,"5":0.0137882953,"6":0.0125416445,"7":0.0116859741,"8":0.0101743454,"9":0.00884035,"10":0.0076758135,"11":0.006470856,"12":0.0053601226,"13":0.0044467861,"14":0.0033702136,"15":0.0025047654,"16":0.0020460243,"17":0.0014926673,"18":0.0011260586,"19":0.0008832836},"f7v1n4e20val_loss":{"0":0.1723036029,"1":0.1307145735,"2":0.1407672203,"3":0.107525738,"4":0.1139477633,"5":0.0955766047,"6":0.068189139,"7":0.0583837556,"8":0.0645649785,"9":0.0570767901,"10":0.0452549376,"11":0.0407489737,"12":0.0298427022,"13":0.0216943884,"14":0.0157824539,"15":0.0062433369,"16":0.0062592997,"17":0.0028291112,"18":0.0013607139,"19":0.0025289351}}