{"f1v2n4e20":{"0":1633.7279052734,"1":1631.5052490234,"2":1627.8920898438,"3":1624.2767333984,"4":1623.8165283203,"5":1617.9038085938,"6":1612.3238525391,"7":1626.2166748047,"8":1635.2561035156,"9":1637.8173828125,"10":1640.3787841797,"11":1642.0047607422,"12":1651.4508056641,"13":1665.0983886719,"14":1672.3072509766,"15":1674.1271972656,"16":1674.6097412109,"17":1675.0900878906,"18":1668.4173583984,"19":1670.1774902344,"20":1671.9777832031,"21":1670.2327880859,"22":1672.9375,"23":1678.0079345703,"24":1683.0720214844,"25":1678.9235839844,"26":1679.068359375,"27":1678.4149169922},"Y":{"0":1554.7624815,"1":1553.284973,"2":1551.8074645,"3":1550.329956,"4":1554.910034,"5":1546.560059,"6":1565.599976,"7":1570.0499676667,"8":1574.4999593333,"9":1578.949951,"10":1586.390015,"11":1596.050049,"12":1603.709961,"13":1606.790039,"14":1604.6400146667,"15":1602.4899903333,"16":1600.339966,"17":1600.339966,"18":1616.369995,"19":1625.290039,"20":1626.630005,"21":1630.233317,"22":1633.836629,"23":1637.439941,"24":1625.23999,"25":1627.609985,"26":1628.219971,"27":1626.930054}}