{"f1v2n4e20_loss":{"0":0.2051238808,"1":0.0049262755,"2":0.0018391316,"3":0.0017380036,"4":0.0016299603,"5":0.0015479846,"6":0.0014481487,"7":0.0013970433,"8":0.0012851766,"9":0.0011416281,"10":0.0010780358,"11":0.0010969604,"12":0.0010172085,"13":0.000927893,"14":0.0009059375,"15":0.0008398876,"16":0.0008580496,"17":0.0007935603,"18":0.0008086231,"19":0.0007930606},"f1v2n4e20val_loss":{"0":0.0554999693,"1":0.0022145879,"2":0.0019843102,"3":0.0016431902,"4":0.0008952249,"5":0.0020565904,"6":0.0006162071,"7":0.0011104018,"8":0.0003125682,"9":0.0003319577,"10":0.0003884548,"11":0.000468491,"12":0.0005001544,"13":0.0004058247,"14":0.0004960287,"15":0.0004565624,"16":0.0008838036,"17":0.000638464,"18":0.0008596361,"19":0.0023352724}}