{"f15v15n2e20":{"0":2391.5051269531},"Y":{"0":2721.330078}}