{"f15v15n2e20_loss":{"0":0.0184416291,"1":0.0131908597,"2":0.009054972,"3":0.0064405142,"4":0.003616005,"5":0.0020558192,"6":0.0016862241,"7":0.0015670231,"8":0.0016821895,"9":0.0015370572,"10":0.0016944968,"11":0.0015698426,"12":0.0016112736,"13":0.0014408725,"14":0.0016557297,"15":0.0015118815,"16":0.0014322031,"17":0.0014887614,"18":0.0013286547,"19":0.0014072821},"f15v15n2e20val_loss":{"0":0.1442325438,"1":0.1053522989,"2":0.0745434276,"3":0.056542971,"4":0.0434192856,"5":0.0297072129,"6":0.0259192385,"7":0.02507624,"8":0.0279831062,"9":0.0243954057,"10":0.0234804578,"11":0.0248871746,"12":0.0208926329,"13":0.0291181051,"14":0.0227776512,"15":0.0250056087,"16":0.0226862662,"17":0.0287171752,"18":0.0256332757,"19":0.0240514681}}