{"f2v7n4e20":{"0":2652.5227050781,"1":2649.2976074219,"2":2653.1459960938,"3":2655.3647460938,"4":2658.34375,"5":2661.9821777344,"6":2666.0417480469,"7":2674.0900878906,"8":2683.8471679688,"9":2690.4943847656,"10":2695.8845214844,"11":2700.4582519531,"12":2704.3115234375,"13":2704.5048828125,"14":2707.7624511719,"15":2708.8540039062,"16":2709.2905273438,"17":2710.974609375,"18":2713.2390136719,"19":2716.1948242188,"20":2716.1079101562,"21":2718.0798339844},"Y":{"0":2663.419922,"1":2666.489909,"2":2669.559896,"3":2672.629883,"4":2671.919922,"5":2697.790039,"6":2723.070068,"7":2727.719971,"8":2728.523275,"9":2729.326579,"10":2730.129883,"11":2711.449951,"12":2722.459961,"13":2720.129883,"14":2712.969971,"15":2719.649984,"16":2726.329997,"17":2733.01001,"18":2724.439941,"19":2733.290039,"20":2727.76001,"21":2721.330078}}