{"f2v7n4e20_loss":{"0":0.3235083677,"1":0.0071870921,"2":0.0063008521,"3":0.0053554107,"4":0.0047545682,"5":0.0039312151,"6":0.0032496954,"7":0.0026192228,"8":0.0021372354,"9":0.0018002486,"10":0.001432922,"11":0.0011477317,"12":0.0008757859,"13":0.0006760124,"14":0.0006078431,"15":0.0004948998,"16":0.0004345795,"17":0.0004182347,"18":0.0003936902,"19":0.0003941511},"f2v7n4e20val_loss":{"0":0.077167768,"1":0.0535980787,"2":0.040076594,"3":0.0340531241,"4":0.0304384787,"5":0.0219069386,"6":0.0163541591,"7":0.0132395925,"8":0.0134084494,"9":0.0115115866,"10":0.0034999456,"11":0.0028055424,"12":0.0026125096,"13":0.0008384702,"14":0.0009843088,"15":0.0005285497,"16":0.0003288046,"17":0.0001263458,"18":0.0001207613,"19":0.0001194055}}