{"f1v3n2e20":{"0":1319.9606933594,"1":1319.3996582031,"2":1318.7954101562,"3":1319.4544677734,"4":1318.5568847656,"5":1317.6551513672,"6":1320.59375,"7":1321.3643798828,"8":1322.4312744141,"9":1323.0316162109,"10":1323.4982910156,"11":1325.6353759766,"12":1327.6806640625,"13":1328.3770751953,"14":1328.6147460938,"15":1328.6701660156,"16":1328.6217041016,"17":1327.4958496094,"18":1328.87890625,"19":1329.111328125,"20":1328.8475341797,"21":1329.3999023438,"22":1330.0242919922,"23":1330.7198486328,"24":1329.9644775391,"25":1330.6809082031,"26":1330.279296875},"Y":{"0":1553.284973,"1":1551.8074645,"2":1550.329956,"3":1554.910034,"4":1546.560059,"5":1565.599976,"6":1570.0499676667,"7":1574.4999593333,"8":1578.949951,"9":1586.390015,"10":1596.050049,"11":1603.709961,"12":1606.790039,"13":1604.6400146667,"14":1602.4899903333,"15":1600.339966,"16":1600.339966,"17":1616.369995,"18":1625.290039,"19":1626.630005,"20":1630.233317,"21":1633.836629,"22":1637.439941,"23":1625.23999,"24":1627.609985,"25":1628.219971,"26":1626.930054}}