{"f1v3n2e20_loss":{"0":0.8150490737,"1":0.4955860196,"2":0.2731824481,"3":0.1332445127,"4":0.0559208154,"5":0.020014223,"6":0.0073951097,"7":0.0042017222,"8":0.0035326211,"9":0.0034073723,"10":0.0033728855,"11":0.0033534347,"12":0.0032951485,"13":0.0032770324,"14":0.0032334646,"15":0.0031888202,"16":0.0031421422,"17":0.0031489808,"18":0.0031199267,"19":0.0030510391},"f1v3n2e20val_loss":{"0":0.9450135194,"1":0.6020758152,"2":0.3572085109,"3":0.1993591664,"4":0.1062139687,"5":0.0557942934,"6":0.0341455506,"7":0.0247428288,"8":0.0213289701,"9":0.0202472724,"10":0.0198206278,"11":0.0196993061,"12":0.0197410137,"13":0.018910159,"14":0.0183012177,"15":0.0183432669,"16":0.0187804314,"17":0.0173236286,"18":0.0183369258,"19":0.0169191381}}