{"f1v15n2e20":{"0":6128.181640625,"1":6133.7939453125,"2":6138.9760742188,"3":6143.30078125,"4":6146.9487304688,"5":6139.2119140625,"6":6145.3193359375,"7":6144.1333007812,"8":6141.7846679688,"9":6145.7412109375,"10":6149.5927734375,"11":6153.7221679688,"12":6152.8149414062,"13":6158.8388671875,"14":6157.1821289062},"Y":{"0":7402.879883,"1":7405.6931966667,"2":7408.5065103333,"3":7411.319824,"4":7351.629883,"5":7398.299805,"6":7382.470215,"7":7354.339844,"8":7367.5732423333,"9":7380.8066406667,"10":7394.040039,"11":7378.459961,"12":7425.959961,"13":7424.430176,"14":7433.850098}}