{"f1v15n2e20_loss":{"0":0.0434858193,"1":0.0116607354,"2":0.0081179998,"3":0.0045487253,"4":0.0023876291,"5":0.0012832175,"6":0.0007651124,"7":0.0005833762,"8":0.0005233444,"9":0.0004777921,"10":0.0004687197,"11":0.0004583589,"12":0.0004290541,"13":0.0004165613,"14":0.0003824905,"15":0.0003676825,"16":0.0003557457,"17":0.0003586315,"18":0.0003225378,"19":0.0003382754},"f1v15n2e20val_loss":{"0":0.1459528517,"1":0.094711698,"2":0.0771839061,"3":0.0561888674,"4":0.0415126219,"5":0.0308751249,"6":0.0253795943,"7":0.0211855908,"8":0.0188489207,"9":0.0171563782,"10":0.0167785556,"11":0.0148650043,"12":0.0135937758,"13":0.0134920201,"14":0.0129074537,"15":0.0116359323,"16":0.0114931359,"17":0.0100407761,"18":0.0101420844,"19":0.0093753436}}