{"f1v7n2e20":{"0":2469.6940917969,"1":2466.1650390625,"2":2466.86328125,"3":2468.1984863281,"4":2470.0532226562,"5":2472.283203125,"6":2474.8110351562,"7":2479.1176757812,"8":2484.9733886719,"9":2490.5495605469,"10":2495.1838378906,"11":2498.9157714844,"12":2501.8068847656,"13":2502.0485839844,"14":2502.7072753906,"15":2503.0380859375,"16":2503.8505859375,"17":2505.9477539062,"18":2509.05078125,"19":2512.8974609375,"20":2513.640625,"21":2513.9113769531,"22":2512.9921875},"Y":{"0":2629.72998,"1":2663.419922,"2":2666.489909,"3":2669.559896,"4":2672.629883,"5":2671.919922,"6":2697.790039,"7":2723.070068,"8":2727.719971,"9":2728.523275,"10":2729.326579,"11":2730.129883,"12":2711.449951,"13":2722.459961,"14":2720.129883,"15":2712.969971,"16":2719.649984,"17":2726.329997,"18":2733.01001,"19":2724.439941,"20":2733.290039,"21":2727.76001,"22":2721.330078}}