{"f1v7n2e20_loss":{"0":0.5683176565,"1":0.0842883962,"2":0.0075745623,"3":0.0063030202,"4":0.0057380046,"5":0.0050779173,"6":0.0047567059,"7":0.0044335009,"8":0.0039705291,"9":0.0037048898,"10":0.0032090824,"11":0.0029433134,"12":0.0026254848,"13":0.0022866224,"14":0.0018855761,"15":0.0016991875,"16":0.0014146407,"17":0.0011676838,"18":0.001043525,"19":0.0008462311},"f1v7n2e20val_loss":{"0":0.5673791049,"1":0.0769886123,"2":0.0350542685,"3":0.032898156,"4":0.0305838145,"5":0.0207727648,"6":0.0256735864,"7":0.0210910022,"8":0.0199335082,"9":0.0190181508,"10":0.0103551664,"11":0.0136218662,"12":0.008059051,"13":0.0073457541,"14":0.0087526282,"15":0.0050775133,"16":0.0045858711,"17":0.003616602,"18":0.005356467,"19":0.003049781}}