{"f1v2n2e20":{"0":21232.03515625,"1":21219.615234375,"2":21187.591796875,"3":21155.48828125,"4":21169.572265625,"5":21160.529296875,"6":21118.384765625,"7":21205.462890625,"8":21275.583984375,"9":21291.697265625,"10":21307.78125,"11":21311.158203125,"12":21373.568359375,"13":21484.759765625,"14":21536.123046875,"15":21536.927734375,"16":21542.302734375,"17":21547.677734375,"18":21496.09375,"19":21488.740234375,"20":21495.318359375,"21":21463.556640625,"22":21458.892578125,"23":21481.19921875,"24":21503.46484375,"25":21488.3671875,"26":21518.572265625,"27":21531.009765625},"Y":{"0":24261.843099,"1":24212.496745,"2":24163.150391,"3":24099.050781,"4":23924.980469,"5":23930.150391,"6":24262.509766,"7":24294.1132816667,"8":24325.7167973333,"9":24357.320313,"10":24360.210938,"11":24542.539063,"12":24739.529297,"13":24831.169922,"14":24853.9166666667,"15":24876.6634113333,"16":24899.410156,"17":24706.410156,"18":24768.929688,"19":24713.980469,"20":24715.089844,"21":24814.4895836667,"22":24913.8893233333,"23":25013.289063,"24":24834.410156,"25":24886.810547,"26":24811.759766,"27":24753.089844}}