{"f1v2n2e20_loss":{"0":0.3058349541,"1":0.1146590231,"2":0.0042503348,"3":0.0015253111,"4":0.0013932852,"5":0.0012858419,"6":0.0011409457,"7":0.0010472633,"8":0.0009128616,"9":0.0007769355,"10":0.0006720202,"11":0.0005919422,"12":0.0005053771,"13":0.0004258167,"14":0.0003818945,"15":0.0003369568,"16":0.0002967607,"17":0.0002737272,"18":0.0002590805,"19":0.0002301454},"f1v2n2e20val_loss":{"0":0.5084298645,"1":0.1143355751,"2":0.0313255859,"3":0.0286058968,"4":0.0286773532,"5":0.0245506768,"6":0.0217875187,"7":0.0201638968,"8":0.0193250476,"9":0.0174143328,"10":0.0155784498,"11":0.0156698644,"12":0.015181695,"13":0.0147417586,"14":0.0119651976,"15":0.0102454798,"16":0.0097060907,"17":0.0073939052,"18":0.0086145989,"19":0.0084090988}}