{"f2v2n4e20":{"0":6663.6811523438,"1":6656.607421875,"2":6643.8408203125,"3":6631.0703125,"4":6632.2309570312,"5":6627.783203125,"6":6611.0869140625,"7":6644.1401367188,"8":6693.7534179688,"9":6707.755859375,"10":6721.73828125,"11":6734.4931640625,"12":6770.1342773438,"13":6822.0688476562,"14":6850.6508789062,"15":6854.9672851562,"16":6852.5385742188,"17":6850.1025390625,"18":6832.4350585938,"19":6842.5991210938,"20":6870.369140625,"21":6872.1782226562,"22":6876.6850585938,"23":6892.2534179688,"24":6907.8125,"25":6898.7954101562,"26":6892.4594726562},"Y":{"0":7084.1132816667,"1":7066.27002,"2":7130.700195,"3":7100.899902,"4":7088.149902,"5":7209.620117,"6":7228.150065,"7":7246.680013,"8":7265.209961,"9":7266.899902,"10":7339.910156,"11":7404.970215,"12":7402.879883,"13":7405.6931966667,"14":7408.5065103333,"15":7411.319824,"16":7351.629883,"17":7398.299805,"18":7382.470215,"19":7354.339844,"20":7367.5732423333,"21":7380.8066406667,"22":7394.040039,"23":7378.459961,"24":7425.959961,"25":7424.430176,"26":7433.850098}}