{"f2v2n4e20_loss":{"0":0.1923684196,"1":0.0064979327,"2":0.0040965696,"3":0.0037410906,"4":0.0034937661,"5":0.0030514815,"6":0.0027003976,"7":0.00238394,"8":0.0020415086,"9":0.0017259811,"10":0.0015001669,"11":0.0012994275,"12":0.0011104734,"13":0.0010469603,"14":0.0008265481,"15":0.0007314506,"16":0.0006670553,"17":0.0006305978,"18":0.0006203954,"19":0.0006109497},"f2v2n4e20val_loss":{"0":0.1391167134,"1":0.039109993,"2":0.0424265782,"3":0.0372206782,"4":0.0281730631,"5":0.0261736687,"6":0.023943989,"7":0.0215367201,"8":0.0157116015,"9":0.0134139979,"10":0.0129132348,"11":0.010053929,"12":0.0077007651,"13":0.0079721176,"14":0.0047905901,"15":0.0063191242,"16":0.0029274281,"17":0.0048567679,"18":0.0039957054,"19":0.0020327866}}