{"f1v7n4e20":{"0":7196.7836914062,"1":7180.6479492188,"2":7202.109375,"3":7212.390625,"4":7227.0151367188,"5":7245.080078125,"6":7257.4541015625,"7":7297.2954101562,"8":7345.1484375,"9":7371.3564453125,"10":7396.3369140625,"11":7419.5815429688,"12":7440.5673828125,"13":7439.828125,"14":7448.5278320312,"15":7439.1206054688,"16":7422.640625,"17":7417.2392578125,"18":7415.529296875,"19":7417.291015625,"20":7420.6518554688,"21":7434.0395507812,"22":7438.630859375},"Y":{"0":7088.149902,"1":7209.620117,"2":7228.150065,"3":7246.680013,"4":7265.209961,"5":7266.899902,"6":7339.910156,"7":7404.970215,"8":7402.879883,"9":7405.6931966667,"10":7408.5065103333,"11":7411.319824,"12":7351.629883,"13":7398.299805,"14":7382.470215,"15":7354.339844,"16":7367.5732423333,"17":7380.8066406667,"18":7394.040039,"19":7378.459961,"20":7425.959961,"21":7424.430176,"22":7433.850098}}