{"f1v7n4e20_loss":{"0":0.198580389,"1":0.0038664563,"2":0.0035225593,"3":0.0029243138,"4":0.002453752,"5":0.0018599046,"6":0.0014234175,"7":0.0009530074,"8":0.0006441752,"9":0.0004467686,"10":0.0002737652,"11":0.00022021,"12":0.0001668253,"13":0.0001563849,"14":0.0001432102,"15":0.0001422352,"16":0.0001402195,"17":0.0001728728,"18":0.0001581284,"19":0.0001388126},"f1v7n4e20val_loss":{"0":0.0257976201,"1":0.0373023668,"2":0.0328138697,"3":0.0144283047,"4":0.0091685905,"5":0.0077555339,"6":0.0050329013,"7":0.0045564569,"8":0.0010209805,"9":0.0006181448,"10":0.0003156445,"11":0.0002277129,"12":0.0005659756,"13":0.0003538577,"14":0.0007092911,"15":0.0008973329,"16":0.0004219143,"17":0.0017882029,"18":0.0007505993,"19":0.000402628}}