{"f2v15n2e20":{"0":2417.2329101562,"1":2418.580078125,"2":2419.3239746094,"3":2419.9406738281,"4":2420.4916992188,"5":2416.7924804688,"6":2417.9887695312,"7":2417.1928710938,"8":2416.4011230469,"9":2417.9206542969,"10":2419.5278320312,"11":2421.0759277344,"12":2420.0419921875,"13":2421.6884765625},"Y":{"0":2728.523275,"1":2729.326579,"2":2730.129883,"3":2711.449951,"4":2722.459961,"5":2720.129883,"6":2712.969971,"7":2719.649984,"8":2726.329997,"9":2733.01001,"10":2724.439941,"11":2733.290039,"12":2727.76001,"13":2721.330078}}