{"f2v15n2e20_loss":{"0":0.0058765406,"1":0.0006647475,"2":0.0005999104,"3":0.0006262411,"4":0.0006067475,"5":0.0005656527,"6":0.0005448827,"7":0.0005539269,"8":0.00052683,"9":0.0005203909,"10":0.0005020089,"11":0.0005181527,"12":0.0004882782,"13":0.0004778768,"14":0.0004739087,"15":0.0004971923,"16":0.0004271875,"17":0.0004168346,"18":0.0004369109,"19":0.0004453672},"f2v15n2e20val_loss":{"0":0.005233872,"1":0.0068745754,"2":0.0069446032,"3":0.0084644348,"4":0.0084499993,"5":0.0087860747,"6":0.0074114752,"7":0.0069029252,"8":0.0064590307,"9":0.0072240551,"10":0.006069269,"11":0.0069183207,"12":0.0054618142,"13":0.0061693978,"14":0.005901256,"15":0.006011056,"16":0.0058658989,"17":0.0050832758,"18":0.0054030447,"19":0.00492484}}