{"f7v2n4e20":{"0":2706.6245117188,"1":2704.6171875,"2":2699.9501953125,"3":2695.2705078125,"4":2694.3466796875,"5":2689.3210449219,"6":2681.1691894531,"7":2693.1821289062,"8":2708.9753417969,"9":2712.1752929688,"10":2715.3728027344,"11":2717.4741210938,"12":2726.5935058594,"13":2743.9050292969,"14":2754.7602539062,"15":2757.6005859375,"16":2758.2751464844,"17":2758.9482421875,"18":2752.7805175781,"19":2750.5673828125,"20":2754.37890625,"21":2752.0581054688},"Y":{"0":2663.419922,"1":2666.489909,"2":2669.559896,"3":2672.629883,"4":2671.919922,"5":2697.790039,"6":2723.070068,"7":2727.719971,"8":2728.523275,"9":2729.326579,"10":2730.129883,"11":2711.449951,"12":2722.459961,"13":2720.129883,"14":2712.969971,"15":2719.649984,"16":2726.329997,"17":2733.01001,"18":2724.439941,"19":2733.290039,"20":2727.76001,"21":2721.330078}}