{"f7v2n4e20_loss":{"0":0.083914438,"1":0.0220372678,"2":0.0209489493,"3":0.0193813579,"4":0.0179801636,"5":0.0170182351,"6":0.0154249918,"7":0.0142008853,"8":0.0126087053,"9":0.0113601092,"10":0.0099598904,"11":0.0084659567,"12":0.0071656396,"13":0.0058904199,"14":0.0044757054,"15":0.0036824493,"16":0.0025557577,"17":0.0018429412,"18":0.0013450496,"19":0.001063102},"f7v2n4e20val_loss":{"0":0.168740191,"1":0.1223064121,"2":0.1028335395,"3":0.0999187161,"4":0.1005324465,"5":0.0757652826,"6":0.0882962391,"7":0.066686844,"8":0.0563000354,"9":0.0409997614,"10":0.0388785003,"11":0.0212236742,"12":0.024131566,"13":0.0207413572,"14":0.0127842922,"15":0.0033199062,"16":0.0048098791,"17":0.0010976318,"18":0.0006371565,"19":0.0010020474}}