{"f1v2n2e20":{"0":7211.8232421875,"1":7198.9946289062,"2":7178.1215820312,"3":7157.2524414062,"4":7165.2138671875,"5":7147.3569335938,"6":7122.9467773438,"7":7197.818359375,"8":7257.3393554688,"9":7273.787109375,"10":7290.2309570312,"11":7298.2895507812,"12":7350.2875976562,"13":7429.64453125,"14":7468.0415039062,"15":7474.6123046875,"16":7478.455078125,"17":7482.2973632812,"18":7441.7534179688,"19":7443.5649414062,"20":7453.1684570312,"21":7437.0,"22":7444.7739257812,"23":7468.89453125,"24":7493.0219726562,"25":7476.4252929688,"26":7485.3603515625,"27":7490.884765625},"Y":{"0":7101.9565433333,"1":7084.1132816667,"2":7066.27002,"3":7130.700195,"4":7100.899902,"5":7088.149902,"6":7209.620117,"7":7228.150065,"8":7246.680013,"9":7265.209961,"10":7266.899902,"11":7339.910156,"12":7404.970215,"13":7402.879883,"14":7405.6931966667,"15":7408.5065103333,"16":7411.319824,"17":7351.629883,"18":7398.299805,"19":7382.470215,"20":7354.339844,"21":7367.5732423333,"22":7380.8066406667,"23":7394.040039,"24":7378.459961,"25":7425.959961,"26":7424.430176,"27":7433.850098}}