{"f1v2n2e20_loss":{"0":0.1686534295,"1":0.0054079753,"2":0.0021185461,"3":0.0019543283,"4":0.0018569508,"5":0.00163177,"6":0.0014428185,"7":0.0013224425,"8":0.001088364,"9":0.000925251,"10":0.0007667489,"11":0.0006463757,"12":0.0005736338,"13":0.0004228685,"14":0.000377413,"15":0.0003138241,"16":0.0002620697,"17":0.0002387369,"18":0.0002141567,"19":0.0001941414},"f1v2n2e20val_loss":{"0":0.0894979657,"1":0.013489161,"2":0.0120900875,"3":0.0081648361,"4":0.0072518485,"5":0.0073177062,"6":0.0059921775,"7":0.005030014,"8":0.0045399715,"9":0.0032874296,"10":0.0015929612,"11":0.0019564823,"12":0.0006659115,"13":0.0008188168,"14":0.0002352803,"15":0.0001725079,"16":0.0002393145,"17":0.000152256,"18":0.0003431896,"19":0.0002634793}}