{"f1v15n2e20":{"0":21171.380859375,"1":21237.87890625,"2":21278.15625,"3":21302.48828125,"4":21317.23046875,"5":21302.060546875,"6":21313.931640625,"7":21331.517578125,"8":21359.4453125,"9":21394.126953125,"10":21432.958984375,"11":21474.45703125,"12":21447.794921875,"13":21434.2890625,"14":21415.31640625},"Y":{"0":24831.169922,"1":24853.9166666667,"2":24876.6634113333,"3":24899.410156,"4":24706.410156,"5":24768.929688,"6":24713.980469,"7":24715.089844,"8":24814.4895836667,"9":24913.8893233333,"10":25013.289063,"11":24834.410156,"12":24886.810547,"13":24811.759766,"14":24753.089844}}