{"f1v15n2e20_loss":{"0":0.0813720581,"1":0.0056718371,"2":0.004882318,"3":0.0040112501,"4":0.0032094978,"5":0.002407621,"6":0.0017649149,"7":0.0013351278,"8":0.0009351789,"9":0.0006539103,"10":0.0004451261,"11":0.0003376996,"12":0.0002721164,"13":0.0002272882,"14":0.0002226755,"15":0.0002230868,"16":0.0002097986,"17":0.0001990604,"18":0.0001964494,"19":0.0001986317},"f1v15n2e20val_loss":{"0":0.0690896561,"1":0.0716729884,"2":0.052393844,"3":0.0488335142,"4":0.0408833675,"5":0.0348068355,"6":0.029948594,"7":0.0217142235,"8":0.0203987917,"9":0.0167447345,"10":0.015516815,"11":0.010928835,"12":0.0111420175,"13":0.0094969759,"14":0.0098248828,"15":0.0067138066,"16":0.0083932822,"17":0.0086185075,"18":0.0077905727,"19":0.0100662929}}