{"f7v1n2e20":{"0":6005.4057617188,"1":6004.1982421875,"2":5996.83203125,"3":5989.4541015625,"4":5982.064453125,"5":5996.3178710938,"6":5979.5698242188,"7":5977.0146484375,"8":6030.9951171875,"9":6038.4130859375,"10":6045.8198242188,"11":6053.2138671875,"12":6054.4248046875,"13":6083.8203125,"14":6111.630859375,"15":6116.271484375,"16":6118.3813476562,"17":6120.4892578125,"18":6122.5947265625,"19":6095.5966796875,"20":6112.318359375,"21":6104.6918945312,"22":6097.8530273438},"Y":{"0":7088.149902,"1":7209.620117,"2":7228.150065,"3":7246.680013,"4":7265.209961,"5":7266.899902,"6":7339.910156,"7":7404.970215,"8":7402.879883,"9":7405.6931966667,"10":7408.5065103333,"11":7411.319824,"12":7351.629883,"13":7398.299805,"14":7382.470215,"15":7354.339844,"16":7367.5732423333,"17":7380.8066406667,"18":7394.040039,"19":7378.459961,"20":7425.959961,"21":7424.430176,"22":7433.850098}}