{"f7v1n2e20_loss":{"0":0.1502315823,"1":0.0486433841,"2":0.026804907,"3":0.0235424382,"4":0.0224899795,"5":0.0215515414,"6":0.0206468666,"7":0.0199918373,"8":0.0186687382,"9":0.0177351758,"10":0.0166707476,"11":0.0157798189,"12":0.0145220693,"13":0.0137509465,"14":0.012591148,"15":0.0115869582,"16":0.0106105611,"17":0.0096657534,"18":0.0085628521,"19":0.0077307172},"f7v1n2e20val_loss":{"0":0.4727981718,"1":0.261696649,"2":0.1851276639,"3":0.1643818411,"4":0.1486465679,"5":0.1276345894,"6":0.1275259656,"7":0.116491738,"8":0.1135939419,"9":0.1093131777,"10":0.0991252169,"11":0.0910146392,"12":0.0987813889,"13":0.0722439285,"14":0.0651013236,"15":0.0628691596,"16":0.0525216114,"17":0.048804653,"18":0.0389310066,"19":0.032222883}}