{"f7v7n4e20":{"0":22051.9921875,"1":22030.091796875,"2":22064.0390625,"3":22079.296875,"4":22106.732421875,"5":22143.478515625,"6":22178.646484375,"7":22236.953125,"8":22303.630859375,"9":22339.740234375,"10":22365.24609375,"11":22388.865234375,"12":22408.52734375,"13":22418.478515625,"14":22455.0,"15":22471.939453125,"16":22477.154296875},"Y":{"0":24542.539063,"1":24739.529297,"2":24831.169922,"3":24853.9166666667,"4":24876.6634113333,"5":24899.410156,"6":24706.410156,"7":24768.929688,"8":24713.980469,"9":24715.089844,"10":24814.4895836667,"11":24913.8893233333,"12":25013.289063,"13":24834.410156,"14":24886.810547,"15":24811.759766,"16":24753.089844}}