{"f7v7n4e20_loss":{"0":0.0092484101,"1":0.0060238158,"2":0.0035344582,"3":0.0022071452,"4":0.0015771918,"5":0.0012369176,"6":0.0011209873,"7":0.0012306606,"8":0.0011711778,"9":0.0010729028,"10":0.0010690521,"11":0.0010834927,"12":0.0013478409,"13":0.0010475383,"14":0.0011790045,"15":0.0011031894,"16":0.0010291754,"17":0.0010142231,"18":0.0010201842,"19":0.0009455165},"f7v7n4e20val_loss":{"0":0.1011736042,"1":0.082110267,"2":0.0345689664,"3":0.0306403655,"4":0.0145329339,"5":0.0175521224,"6":0.0146281373,"7":0.0098320019,"8":0.013630815,"9":0.0162967768,"10":0.0141114523,"11":0.0102327179,"12":0.0246157645,"13":0.0124081079,"14":0.0176440298,"15":0.0172957492,"16":0.0154545941,"17":0.0140737868,"18":0.0191105807,"19":0.0179304655}}