{"f2v2n2e20":{"0":22052.052734375,"1":22034.59375,"2":21997.11328125,"3":21959.5546875,"4":21935.298828125,"5":21875.71875,"6":21810.2109375,"7":21937.9453125,"8":22031.453125,"9":22054.02734375,"10":22076.6015625,"11":22092.873046875,"12":22177.435546875,"13":22316.58984375,"14":22402.244140625,"15":22422.7734375,"16":22427.90625,"17":22433.021484375,"18":22372.44921875,"19":22379.71875,"20":22399.9375,"21":22388.646484375,"22":22414.603515625,"23":22468.974609375,"24":22523.28125,"25":22477.3671875,"26":22470.36328125},"Y":{"0":24212.496745,"1":24163.150391,"2":24099.050781,"3":23924.980469,"4":23930.150391,"5":24262.509766,"6":24294.1132816667,"7":24325.7167973333,"8":24357.320313,"9":24360.210938,"10":24542.539063,"11":24739.529297,"12":24831.169922,"13":24853.9166666667,"14":24876.6634113333,"15":24899.410156,"16":24706.410156,"17":24768.929688,"18":24713.980469,"19":24715.089844,"20":24814.4895836667,"21":24913.8893233333,"22":25013.289063,"23":24834.410156,"24":24886.810547,"25":24811.759766,"26":24753.089844}}