{"f2v2n2e20_loss":{"0":0.2300604534,"1":0.0334529891,"2":0.0016754618,"3":0.0013974984,"4":0.0012882187,"5":0.0011787179,"6":0.0010821094,"7":0.0009555572,"8":0.0008314423,"9":0.0007199193,"10":0.0006319428,"11":0.0005183193,"12":0.0004299951,"13":0.0003697904,"14":0.0002981299,"15":0.0002430418,"16":0.0002139274,"17":0.0001918826,"18":0.0001762338,"19":0.0001532351},"f2v2n2e20val_loss":{"0":0.2920361978,"1":0.0406728771,"2":0.0277797209,"3":0.0235322825,"4":0.0256186613,"5":0.0244500559,"6":0.020085054,"7":0.0205643845,"8":0.0166418341,"9":0.01629929,"10":0.0135428706,"11":0.0124411313,"12":0.0109226324,"13":0.009129466,"14":0.0080532475,"15":0.0081052474,"16":0.0073081152,"17":0.0064693489,"18":0.0060481869,"19":0.0045494485}}