{"f15v7n2e20":{"0":21445.3125,"1":21434.66015625,"2":21493.224609375,"3":21509.357421875,"4":21524.537109375,"5":21540.291015625,"6":21546.373046875,"7":21594.982421875,"8":21647.7265625},"Y":{"0":24713.980469,"1":24715.089844,"2":24814.4895836667,"3":24913.8893233333,"4":25013.289063,"5":24834.410156,"6":24886.810547,"7":24811.759766,"8":24753.089844}}