{"f15v7n2e20_loss":{"0":0.0409426041,"1":0.0144356849,"2":0.0128966041,"3":0.0115893101,"4":0.0100094098,"5":0.0091696235,"6":0.0078639631,"7":0.0070327811,"8":0.0060969265,"9":0.0050494204,"10":0.004119823,"11":0.0035199335,"12":0.0028883804,"13":0.0022780352,"14":0.0019062674,"15":0.001637297,"16":0.0014587705,"17":0.0013494611,"18":0.0012639357,"19":0.0012203902},"f15v7n2e20val_loss":{"0":0.1880770748,"1":0.1528591152,"2":0.1538923541,"3":0.1327985878,"4":0.1116230101,"5":0.1115631515,"6":0.1094251337,"7":0.0855355013,"8":0.0823130025,"9":0.0653605366,"10":0.0606418981,"11":0.0499622496,"12":0.0450599988,"13":0.0399054109,"14":0.0352303101,"15":0.0305725457,"16":0.0304123922,"17":0.0290391488,"18":0.0241885919,"19":0.0244336843}}