{"f1v7n2e20":{"0":21239.55859375,"1":21216.375,"2":21273.3046875,"3":21306.427734375,"4":21335.310546875,"5":21362.408203125,"6":21380.123046875,"7":21433.693359375,"8":21494.943359375,"9":21522.515625,"10":21541.921875,"11":21556.328125,"12":21567.431640625,"13":21550.951171875,"14":21574.552734375,"15":21575.107421875,"16":21554.751953125,"17":21551.4296875,"18":21555.3359375,"19":21564.021484375,"20":21560.685546875,"21":21582.65625,"22":21591.203125},"Y":{"0":23930.150391,"1":24262.509766,"2":24294.1132816667,"3":24325.7167973333,"4":24357.320313,"5":24360.210938,"6":24542.539063,"7":24739.529297,"8":24831.169922,"9":24853.9166666667,"10":24876.6634113333,"11":24899.410156,"12":24706.410156,"13":24768.929688,"14":24713.980469,"15":24715.089844,"16":24814.4895836667,"17":24913.8893233333,"18":25013.289063,"19":24834.410156,"20":24886.810547,"21":24811.759766,"22":24753.089844}}