{"f1v7n2e20_loss":{"0":0.0334035944,"1":0.001123989,"2":0.0009984026,"3":0.0007870616,"4":0.0006099697,"5":0.0004781129,"6":0.0003640886,"7":0.0003006645,"8":0.0002770068,"9":0.0002537194,"10":0.0002526906,"11":0.0002487177,"12":0.0002482189,"13":0.0002377416,"14":0.0002289196,"15":0.0002192077,"16":0.0002292909,"17":0.0002300239,"18":0.0002348006,"19":0.0002250479},"f1v7n2e20val_loss":{"0":0.0268667828,"1":0.0210563595,"2":0.0210207323,"3":0.0173598736,"4":0.0167274161,"5":0.0147714474,"6":0.012518553,"7":0.0090050486,"8":0.0094758397,"9":0.008351716,"10":0.0099333924,"11":0.0090297811,"12":0.0095051241,"13":0.0068142525,"14":0.0095604197,"15":0.010267198,"16":0.0093482843,"17":0.0082017638,"18":0.008159761,"19":0.0083880566}}