{"f7v15n2e20":{"0":20568.71484375,"1":20582.767578125,"2":20584.97265625,"3":20586.818359375,"4":20588.02734375,"5":20568.955078125,"6":20609.701171875,"7":20622.35546875,"8":20624.76171875},"Y":{"0":24713.980469,"1":24715.089844,"2":24814.4895836667,"3":24913.8893233333,"4":25013.289063,"5":24834.410156,"6":24886.810547,"7":24811.759766,"8":24753.089844}}