{"f7v15n2e20_loss":{"0":0.1529187999,"1":0.0225106711,"2":0.0210327125,"3":0.0197616991,"4":0.0181031245,"5":0.0173943334,"6":0.0157474413,"7":0.0145881115,"8":0.0132764811,"9":0.0121582253,"10":0.0108908609,"11":0.0092360207,"12":0.0073893603,"13":0.0057129659,"14":0.004132331,"15":0.002884393,"16":0.0020410276,"17":0.0018391499,"18":0.0017366712,"19":0.0017147447},"f7v15n2e20val_loss":{"0":0.3650507483,"1":0.2438162212,"2":0.2418003966,"3":0.2223909163,"4":0.2085483662,"5":0.1956285792,"6":0.1665123494,"7":0.1606243926,"8":0.1405189554,"9":0.1392430164,"10":0.1168937343,"11":0.1229054309,"12":0.0879109889,"13":0.0800651176,"14":0.0567750373,"15":0.0546101534,"16":0.0491309881,"17":0.047905696,"18":0.0483050088,"19":0.0474923467}}