{"f2v1n2e20":{"0":1410.0961914062,"1":1410.3939208984,"2":1408.2275390625,"3":1406.0607910156,"4":1403.8930664062,"5":1404.6385498047,"6":1398.6684570312,"7":1397.3841552734,"8":1409.7026367188,"9":1410.9919433594,"10":1412.2813720703,"11":1413.5706787109,"12":1413.7243652344,"13":1421.7492675781,"14":1429.7452392578,"15":1431.93359375,"16":1432.3674316406,"17":1432.8010253906,"18":1433.234375,"19":1426.6900634766,"20":1430.3687744141,"21":1429.2708740234,"22":1427.8469238281,"23":1430.6524658203,"24":1433.453125,"25":1436.2487792969,"26":1431.7122802734,"27":1434.5003662109},"Y":{"0":1554.7624815,"1":1553.284973,"2":1551.8074645,"3":1550.329956,"4":1554.910034,"5":1546.560059,"6":1565.599976,"7":1570.0499676667,"8":1574.4999593333,"9":1578.949951,"10":1586.390015,"11":1596.050049,"12":1603.709961,"13":1606.790039,"14":1604.6400146667,"15":1602.4899903333,"16":1600.339966,"17":1600.339966,"18":1616.369995,"19":1625.290039,"20":1626.630005,"21":1630.233317,"22":1633.836629,"23":1637.439941,"24":1625.23999,"25":1627.609985,"26":1628.219971,"27":1626.930054}}