{"f2v1n2e20_loss":{"0":0.397896989,"1":0.1966060271,"2":0.048204172,"3":0.0082224172,"4":0.0055993851,"5":0.0053633402,"6":0.0052256013,"7":0.005004491,"8":0.0048366565,"9":0.0046371896,"10":0.0044755178,"11":0.004229766,"12":0.004021461,"13":0.0038015495,"14":0.0036429222,"15":0.003482912,"16":0.0032620223,"17":0.0029999216,"18":0.0028753155,"19":0.002617226},"f2v1n2e20val_loss":{"0":0.6065484539,"1":0.2891278635,"2":0.0761540522,"3":0.0322358625,"4":0.0265225501,"5":0.0244185935,"6":0.0246099322,"7":0.0209670393,"8":0.0204014334,"9":0.0197006655,"10":0.0194679759,"11":0.0182952744,"12":0.0135358637,"13":0.015777584,"14":0.0138645025,"15":0.0097347539,"16":0.0130172644,"17":0.0118742527,"18":0.0078465583,"19":0.0047400587}}