{"f15v2n2e20":{"0":2590.0698242188,"1":2588.3110351562,"2":2586.5773925781,"3":2584.8425292969,"4":2585.6105957031,"5":2590.5495605469,"6":2591.52734375,"7":2596.4482421875,"8":2609.4641113281,"9":2613.791015625,"10":2618.091796875,"11":2622.3989257812,"12":2629.701171875,"13":2638.708984375},"Y":{"0":2728.523275,"1":2729.326579,"2":2730.129883,"3":2711.449951,"4":2722.459961,"5":2720.129883,"6":2712.969971,"7":2719.649984,"8":2726.329997,"9":2733.01001,"10":2724.439941,"11":2733.290039,"12":2727.76001,"13":2721.330078}}