{"f15v2n2e20_loss":{"0":0.1323163144,"1":0.0388833358,"2":0.0223400841,"3":0.0211091583,"4":0.0197120645,"5":0.018745499,"6":0.0174767557,"7":0.0159734527,"8":0.0144543667,"9":0.0128498625,"10":0.0114438033,"11":0.0106884971,"12":0.0089381039,"13":0.0073245475,"14":0.0063756844,"15":0.0051230761,"16":0.0047736184,"17":0.0038163769,"18":0.0032772995,"19":0.0029102672},"f15v2n2e20val_loss":{"0":0.3781813116,"1":0.1625834697,"2":0.1093992183,"3":0.1038448983,"4":0.0913555633,"5":0.0921527489,"6":0.0838687678,"7":0.0674356094,"8":0.0621003151,"9":0.0473766127,"10":0.053073765,"11":0.0362599019,"12":0.0247599147,"13":0.0178829706,"14":0.0240511709,"15":0.0219270347,"16":0.0154058174,"17":0.0085118167,"18":0.0071041779,"19":0.0036646504}}