{"f15v7n2e20":{"0":2594.2211914062,"1":2592.6257324219,"2":2598.2456054688,"3":2603.1306152344,"4":2608.3671875,"5":2613.9636230469,"6":2618.8286132812,"7":2626.5988769531,"8":2636.0456542969},"Y":{"0":2720.129883,"1":2712.969971,"2":2719.649984,"3":2726.329997,"4":2733.01001,"5":2724.439941,"6":2733.290039,"7":2727.76001,"8":2721.330078}}