{"f15v7n2e20_loss":{"0":0.0202106601,"1":0.0166859909,"2":0.0129117575,"3":0.0095579582,"4":0.0059600753,"5":0.0038824324,"6":0.0023050174,"7":0.0017354638,"8":0.001606946,"9":0.0015292374,"10":0.0015110283,"11":0.0015147644,"12":0.0014800364,"13":0.0018825757,"14":0.0016305545,"15":0.00141453,"16":0.0013873628,"17":0.0017304627,"18":0.0015192863,"19":0.0014300343},"f15v7n2e20val_loss":{"0":0.1464304052,"1":0.1225552554,"2":0.0893499106,"3":0.0616862291,"4":0.0247437493,"5":0.0195074374,"6":0.0069421371,"7":0.0097546198,"8":0.0048182862,"9":0.0071212318,"10":0.0046089819,"11":0.0062264674,"12":0.0063993653,"13":0.0044105104,"14":0.0060081751,"15":0.0039908251,"16":0.0038432599,"17":0.003230646,"18":0.0052982188,"19":0.0032387728}}