{"f7v7n2e20":{"0":1561.3421630859,"1":1559.4812011719,"2":1561.0821533203,"3":1562.2697753906,"4":1563.4399414062,"5":1564.9141845703,"6":1566.3387451172,"7":1570.6975097656,"8":1576.9123535156,"9":1581.4018554688,"10":1584.7060546875,"11":1587.6932373047,"12":1590.4050292969,"13":1590.2858886719,"14":1590.7110595703,"15":1590.3138427734,"16":1589.7111816406},"Y":{"0":1596.050049,"1":1603.709961,"2":1606.790039,"3":1604.6400146667,"4":1602.4899903333,"5":1600.339966,"6":1600.339966,"7":1616.369995,"8":1625.290039,"9":1626.630005,"10":1630.233317,"11":1633.836629,"12":1637.439941,"13":1625.23999,"14":1627.609985,"15":1628.219971,"16":1626.930054}}