{"f7v7n2e20_loss":{"0":0.114368329,"1":0.0253447241,"2":0.0241219156,"3":0.0224824609,"4":0.0204692395,"5":0.0186199698,"6":0.0165327775,"7":0.0141967478,"8":0.0120532201,"9":0.0096646368,"10":0.0079516054,"11":0.0060851093,"12":0.005406268,"13":0.0044653291,"14":0.0043920962,"15":0.003882575,"16":0.0040363192,"17":0.0036690206,"18":0.0036896963,"19":0.0036912225},"f7v7n2e20val_loss":{"0":0.1316083877,"1":0.1138766439,"2":0.1264953926,"3":0.0881756303,"4":0.0851352634,"5":0.0750288092,"6":0.0466282065,"7":0.0381691641,"8":0.0347652854,"9":0.0252609585,"10":0.0051545835,"11":0.0016147685,"12":0.0013304862,"13":0.0014006192,"14":0.0016878771,"15":0.0033685737,"16":0.0020818794,"17":0.0014091388,"18":0.0030774255,"19":0.0023769575}}