{"f7v7n2e20":{"0":20111.484375,"1":20094.419921875,"2":20124.275390625,"3":20134.1875,"4":20145.6640625,"5":20158.30078125,"6":20164.7265625,"7":20207.388671875,"8":20256.525390625,"9":20277.359375,"10":20294.37109375,"11":20307.533203125,"12":20317.763671875,"13":20303.033203125,"14":20315.267578125,"15":20313.654296875,"16":20303.07421875},"Y":{"0":24542.539063,"1":24739.529297,"2":24831.169922,"3":24853.9166666667,"4":24876.6634113333,"5":24899.410156,"6":24706.410156,"7":24768.929688,"8":24713.980469,"9":24715.089844,"10":24814.4895836667,"11":24913.8893233333,"12":25013.289063,"13":24834.410156,"14":24886.810547,"15":24811.759766,"16":24753.089844}}