{"f7v7n2e20_loss":{"0":0.0251579416,"1":0.0188176101,"2":0.0153004593,"3":0.0111107552,"4":0.0069676559,"5":0.0036896606,"6":0.0017419042,"7":0.0010134051,"8":0.0008696139,"9":0.0008718714,"10":0.000850786,"11":0.0008153269,"12":0.0008046942,"13":0.0008409026,"14":0.0008123389,"15":0.0007661326,"16":0.0007859751,"17":0.000783438,"18":0.0007983261,"19":0.0007872474},"f7v7n2e20val_loss":{"0":0.2318804333,"1":0.2121884086,"2":0.1986587337,"3":0.1977503008,"4":0.1332415447,"5":0.0999196337,"6":0.0773173235,"7":0.0668041408,"8":0.0643342097,"9":0.0638215733,"10":0.0603838182,"11":0.0577647474,"12":0.0568529235,"13":0.0565857502,"14":0.0580998597,"15":0.0503178439,"16":0.0551663445,"17":0.0511402099,"18":0.0505704391,"19":0.0522602617}}