{"f1v1n4e20":{"0":1545.1690673828,"1":1545.0609130859,"2":1542.3447265625,"3":1539.626953125,"4":1536.9072265625,"5":1539.4012451172,"6":1534.2928466797,"7":1531.1728515625,"8":1549.7117919922,"9":1552.3636474609,"10":1555.0155029297,"11":1557.6674804688,"12":1559.3701171875,"13":1570.5408935547,"14":1581.0113525391,"15":1583.4370117188,"16":1583.4920654297,"17":1583.5469970703,"18":1583.6011962891,"19":1575.9688720703,"20":1583.8864746094,"21":1584.1328125,"22":1582.3045654297,"23":1585.8956298828,"24":1589.4836425781,"25":1593.0682373047,"26":1586.1235351562,"27":1590.6033935547,"28":1588.9674072266},"Y":{"0":1556.23999,"1":1554.7624815,"2":1553.284973,"3":1551.8074645,"4":1550.329956,"5":1554.910034,"6":1546.560059,"7":1565.599976,"8":1570.0499676667,"9":1574.4999593333,"10":1578.949951,"11":1586.390015,"12":1596.050049,"13":1603.709961,"14":1606.790039,"15":1604.6400146667,"16":1602.4899903333,"17":1600.339966,"18":1600.339966,"19":1616.369995,"20":1625.290039,"21":1626.630005,"22":1630.233317,"23":1633.836629,"24":1637.439941,"25":1625.23999,"26":1627.609985,"27":1628.219971,"28":1626.930054}}