{"f1v1n4e20_loss":{"0":0.2882153705,"1":0.0408768215,"2":0.0036320519,"3":0.0027147389,"4":0.0025729495,"5":0.0024417479,"6":0.0022426023,"7":0.0021441316,"8":0.0019868912,"9":0.0018227798,"10":0.0017043517,"11":0.001483713,"12":0.0013518631,"13":0.001256432,"14":0.0011123522,"15":0.0010152421,"16":0.0009024759,"17":0.0008894256,"18":0.0007935852,"19":0.0007559352},"f1v1n4e20val_loss":{"0":0.2541702837,"1":0.0349362111,"2":0.0109049886,"3":0.0086259771,"4":0.0100394451,"5":0.0083184809,"6":0.0104642203,"7":0.0079633536,"8":0.003926826,"9":0.0042632084,"10":0.003804221,"11":0.0022028633,"12":0.0015492081,"13":0.0012681098,"14":0.0011249064,"15":0.0013199293,"16":0.0016368796,"17":0.000506676,"18":0.0002549822,"19":0.0001893376}}