{"f7v1n2e20":{"0":1304.3371582031,"1":1304.1374511719,"2":1303.2924804688,"3":1302.4466552734,"4":1301.6002197266,"5":1302.3967285156,"6":1301.9401855469,"7":1299.9923095703,"8":1306.8585205078,"9":1308.0888671875,"10":1309.3160400391,"11":1310.5404052734,"12":1311.8991699219,"13":1315.8046875,"14":1319.2156982422,"15":1320.0057373047,"16":1319.7181396484,"17":1319.4299316406,"18":1319.1408691406,"19":1317.4119873047,"20":1321.3835449219,"21":1322.5786132812,"22":1322.1672363281},"Y":{"0":1546.560059,"1":1565.599976,"2":1570.0499676667,"3":1574.4999593333,"4":1578.949951,"5":1586.390015,"6":1596.050049,"7":1603.709961,"8":1606.790039,"9":1604.6400146667,"10":1602.4899903333,"11":1600.339966,"12":1600.339966,"13":1616.369995,"14":1625.290039,"15":1626.630005,"16":1630.233317,"17":1633.836629,"18":1637.439941,"19":1625.23999,"20":1627.609985,"21":1628.219971,"22":1626.930054}}