{"f7v1n2e20_loss":{"0":0.1375268327,"1":0.0468927722,"2":0.0266604189,"3":0.0248476454,"4":0.024264049,"5":0.0233753565,"6":0.0224360692,"7":0.0219847116,"8":0.0208329584,"9":0.019970506,"10":0.0190875058,"11":0.0182347806,"12":0.0172904056,"13":0.0162922666,"14":0.0155889948,"15":0.0147284608,"16":0.0135856268,"17":0.012562008,"18":0.0116782333,"19":0.0108605386},"f7v1n2e20val_loss":{"0":0.4124814884,"1":0.201698368,"2":0.1360696198,"3":0.1263362899,"4":0.1134638387,"5":0.1130128925,"6":0.0975079003,"7":0.1030642907,"8":0.0979881123,"9":0.0948665486,"10":0.0909789286,"11":0.0788140226,"12":0.0719428266,"13":0.0843407564,"14":0.0678145412,"15":0.067248158,"16":0.0627325541,"17":0.0598244765,"18":0.0653511334,"19":0.0515276202}}