{"f2v15n2e20":{"0":5854.3686523438,"1":5857.4169921875,"2":5860.177734375,"3":5862.7958984375,"4":5865.2846679688,"5":5866.3852539062,"6":5867.8354492188,"7":5869.0966796875,"8":5869.978515625,"9":5870.970703125,"10":5872.3505859375,"11":5874.0693359375,"12":5874.6923828125,"13":5875.6118164062},"Y":{"0":7405.6931966667,"1":7408.5065103333,"2":7411.319824,"3":7351.629883,"4":7398.299805,"5":7382.470215,"6":7354.339844,"7":7367.5732423333,"8":7380.8066406667,"9":7394.040039,"10":7378.459961,"11":7425.959961,"12":7424.430176,"13":7433.850098}}