{"f2v15n2e20_loss":{"0":0.2536085079,"1":0.067277496,"2":0.0086253574,"3":0.0082978597,"4":0.0079497527,"5":0.0076303728,"6":0.0070375989,"7":0.0064769484,"8":0.0056921819,"9":0.0048294096,"10":0.0042439279,"11":0.0034150134,"12":0.0027126403,"13":0.0021472285,"14":0.0015354163,"15":0.0010839601,"16":0.0008343605,"17":0.0009637666,"18":0.0006110501,"19":0.0005111912},"f2v15n2e20val_loss":{"0":0.5139480585,"1":0.0903760583,"2":0.0745575878,"3":0.0690515994,"4":0.0699390928,"5":0.0633372446,"6":0.0622048376,"7":0.0633852432,"8":0.050911221,"9":0.052470382,"10":0.0379095175,"11":0.031665908,"12":0.0342117822,"13":0.0245557074,"14":0.0228544113,"15":0.0195721343,"16":0.0165905659,"17":0.0156383213,"18":0.0148853519,"19":0.0142591801}}