{"f7v15n2e20":{"0":5846.4404296875,"1":5850.1142578125,"2":5851.0166015625,"3":5851.7739257812,"4":5852.455078125,"5":5845.3627929688,"6":5852.1328125,"7":5852.1318359375,"8":5850.5161132812},"Y":{"0":7382.470215,"1":7354.339844,"2":7367.5732423333,"3":7380.8066406667,"4":7394.040039,"5":7378.459961,"6":7425.959961,"7":7424.430176,"8":7433.850098}}