{"f7v15n2e20_loss":{"0":0.1956024225,"1":0.0431137331,"2":0.02814004,"3":0.0264156776,"4":0.0247893817,"5":0.0228300553,"6":0.0163915541,"7":0.0079602198,"8":0.0031382605,"9":0.0021930892,"10":0.0020666384,"11":0.0016997248,"12":0.0017126405,"13":0.0017305546,"14":0.0014432688,"15":0.0015226748,"16":0.0013837901,"17":0.0013904989,"18":0.0011671373,"19":0.0011773863},"f7v15n2e20val_loss":{"0":0.4565818644,"1":0.2576586444,"2":0.2169571244,"3":0.2050092084,"4":0.1893736129,"5":0.1768341004,"6":0.1370917833,"7":0.1005734122,"8":0.079007521,"9":0.0698520125,"10":0.0637804192,"11":0.0560323892,"12":0.0535143491,"13":0.0489979634,"14":0.0451315276,"15":0.0449494282,"16":0.0420167063,"17":0.0405614629,"18":0.0401594104,"19":0.0386369095}}