{"f1v1n2e20":{"0":6765.1567382812,"1":6767.80859375,"2":6750.5595703125,"3":6733.3002929688,"4":6716.02734375,"5":6751.6274414062,"6":6716.2939453125,"7":6701.890625,"8":6806.2841796875,"9":6820.2504882812,"10":6834.2138671875,"11":6848.1767578125,"12":6850.8134765625,"13":6917.8935546875,"14":6980.2172851562,"15":6987.064453125,"16":6988.98046875,"17":6990.89453125,"18":6992.8081054688,"19":6942.041015625,"20":6981.5961914062,"21":6973.59765625,"22":6953.8837890625,"23":6970.251953125,"24":6986.6318359375,"25":7003.0263671875,"26":6978.8247070312,"27":7011.8139648438,"28":7004.0981445312},"Y":{"0":7119.799805,"1":7101.9565433333,"2":7084.1132816667,"3":7066.27002,"4":7130.700195,"5":7100.899902,"6":7088.149902,"7":7209.620117,"8":7228.150065,"9":7246.680013,"10":7265.209961,"11":7266.899902,"12":7339.910156,"13":7404.970215,"14":7402.879883,"15":7405.6931966667,"16":7408.5065103333,"17":7411.319824,"18":7351.629883,"19":7398.299805,"20":7382.470215,"21":7354.339844,"22":7367.5732423333,"23":7380.8066406667,"24":7394.040039,"25":7378.459961,"26":7425.959961,"27":7424.430176,"28":7433.850098}}