{"f1v1n2e20":{"0":5585.6489257812,"1":5586.8720703125,"2":5580.4609375,"3":5574.0258789062,"4":5567.5693359375,"5":5583.7592773438,"6":5570.8422851562,"7":5565.6357421875,"8":5604.140625,"9":5609.3330078125,"10":5614.5224609375,"11":5619.708984375,"12":5620.1826171875,"13":5644.9477539062,"14":5667.484375,"15":5668.7841796875,"16":5669.4877929688,"17":5670.1889648438,"18":5670.8857421875,"19":5652.2680664062,"20":5666.6752929688,"21":5663.1420898438,"22":5654.8857421875,"23":5660.1381835938,"24":5665.3798828125,"25":5670.6103515625,"26":5663.75,"27":5676.7563476562,"28":5674.615234375},"Y":{"0":7119.799805,"1":7101.9565433333,"2":7084.1132816667,"3":7066.27002,"4":7130.700195,"5":7100.899902,"6":7088.149902,"7":7209.620117,"8":7228.150065,"9":7246.680013,"10":7265.209961,"11":7266.899902,"12":7339.910156,"13":7404.970215,"14":7402.879883,"15":7405.6931966667,"16":7408.5065103333,"17":7411.319824,"18":7351.629883,"19":7398.299805,"20":7382.470215,"21":7354.339844,"22":7367.5732423333,"23":7380.8066406667,"24":7394.040039,"25":7378.459961,"26":7425.959961,"27":7424.430176,"28":7433.850098}}