{"f1v1n2e20_loss":{"0":0.3019210726,"1":0.1219512985,"2":0.0248609338,"3":0.0059488483,"4":0.0050340133,"5":0.004797718,"6":0.0045908342,"7":0.0043507052,"8":0.0040931597,"9":0.0038294728,"10":0.0035873778,"11":0.0033458745,"12":0.0030713752,"13":0.0028083708,"14":0.0024896074,"15":0.0023233663,"16":0.0020432527,"17":0.0017947859,"18":0.0015987351,"19":0.0013547772},"f1v1n2e20val_loss":{"0":0.5445870769,"1":0.2377638493,"2":0.0698456471,"3":0.0426921837,"4":0.0396702414,"5":0.0340178131,"6":0.0363469731,"7":0.0316039428,"8":0.0288061063,"9":0.0318072883,"10":0.0280818526,"11":0.0260984702,"12":0.0232486467,"13":0.0253382515,"14":0.0271257851,"15":0.0218114818,"16":0.0239733004,"17":0.0224889424,"18":0.0256411513,"19":0.0238242491}}