{"f1v1n2e20_loss":{"0":0.2151685378,"1":0.0310775742,"2":0.0038030787,"3":0.0030525457,"4":0.0028584095,"5":0.0026399202,"6":0.0024451581,"7":0.0022301045,"8":0.0019584545,"9":0.0017870073,"10":0.0015493866,"11":0.0013300644,"12":0.0011339689,"13":0.0009826864,"14":0.0008225572,"15":0.00065483,"16":0.000536879,"17":0.0004321546,"18":0.0003434993,"19":0.0002656804},"f1v1n2e20val_loss":{"0":0.2724399008,"1":0.0577980025,"2":0.0275339323,"3":0.0271595184,"4":0.0245080487,"5":0.0218604492,"6":0.0201868279,"7":0.018538158,"8":0.01819936,"9":0.0163531275,"10":0.0141039337,"11":0.0099531888,"12":0.0095254295,"13":0.007291747,"14":0.0067179647,"15":0.005299483,"16":0.0038364836,"17":0.002423054,"18":0.0019465028,"19":0.0012161033}}