{"f1v2n2e20":{"0":1728.9541015625,"1":1726.3431396484,"2":1722.5977783203,"3":1718.8518066406,"4":1719.5388183594,"5":1715.4776611328,"6":1710.6646728516,"7":1726.6127929688,"8":1739.4510498047,"9":1742.9356689453,"10":1746.4215087891,"11":1748.3803710938,"12":1757.7122802734,"13":1772.4282226562,"14":1780.3859863281,"15":1782.4207763672,"16":1783.5480957031,"17":1784.6739501953,"18":1777.0501708984,"19":1776.4958496094,"20":1777.6834716797,"21":1774.4908447266,"22":1776.8859863281,"23":1782.5062255859,"24":1788.123046875,"25":1784.4127197266,"26":1784.7855224609,"27":1785.8337402344},"Y":{"0":1554.7624815,"1":1553.284973,"2":1551.8074645,"3":1550.329956,"4":1554.910034,"5":1546.560059,"6":1565.599976,"7":1570.0499676667,"8":1574.4999593333,"9":1578.949951,"10":1586.390015,"11":1596.050049,"12":1603.709961,"13":1606.790039,"14":1604.6400146667,"15":1602.4899903333,"16":1600.339966,"17":1600.339966,"18":1616.369995,"19":1625.290039,"20":1626.630005,"21":1630.233317,"22":1633.836629,"23":1637.439941,"24":1625.23999,"25":1627.609985,"26":1628.219971,"27":1626.930054}}