{"f1v2n2e20_loss":{"0":0.2145171838,"1":0.0035952087,"2":0.0015432598,"3":0.0015539835,"4":0.0014884694,"5":0.0014548093,"6":0.0014178805,"7":0.0013851718,"8":0.0013448282,"9":0.0013572327,"10":0.0013163735,"11":0.0012661499,"12":0.0012289435,"13":0.0012138254,"14":0.0012001797,"15":0.0012067443,"16":0.0011696656,"17":0.0011571837,"18":0.0011111759,"19":0.0011298645},"f1v2n2e20val_loss":{"0":0.0248479234,"1":0.0022193948,"2":0.0018825476,"3":0.0034303302,"4":0.0030418616,"5":0.0035966197,"6":0.0041671047,"7":0.0032834957,"8":0.003040215,"9":0.0044073529,"10":0.0028836221,"11":0.0044271942,"12":0.0064840759,"13":0.0046843779,"14":0.006889394,"15":0.0114034328,"16":0.0074692932,"17":0.0083197571,"18":0.0080890068,"19":0.0081654597}}