{"f1v7n4e20":{"0":21551.564453125,"1":21523.509765625,"2":21622.314453125,"3":21652.79296875,"4":21688.427734375,"5":21725.83203125,"6":21755.240234375,"7":21852.09765625,"8":21957.494140625,"9":22006.755859375,"10":22035.20703125,"11":22055.669921875,"12":22069.275390625,"13":22032.3359375,"14":22077.703125,"15":22088.02734375,"16":22079.576171875,"17":22102.7109375,"18":22128.34375,"19":22156.525390625,"20":22132.8203125,"21":22161.06640625,"22":22155.11328125},"Y":{"0":23930.150391,"1":24262.509766,"2":24294.1132816667,"3":24325.7167973333,"4":24357.320313,"5":24360.210938,"6":24542.539063,"7":24739.529297,"8":24831.169922,"9":24853.9166666667,"10":24876.6634113333,"11":24899.410156,"12":24706.410156,"13":24768.929688,"14":24713.980469,"15":24715.089844,"16":24814.4895836667,"17":24913.8893233333,"18":25013.289063,"19":24834.410156,"20":24886.810547,"21":24811.759766,"22":24753.089844}}