{"f1v7n4e20_loss":{"0":0.0005668049,"1":0.0002003723,"2":0.0001902094,"3":0.0001933919,"4":0.0002070571,"5":0.0001744333,"6":0.0002032306,"7":0.0001752434,"8":0.0002346766,"9":0.000194241,"10":0.0001879784,"11":0.0001932445,"12":0.0001740166,"13":0.000184456,"14":0.0001844451,"15":0.0001928232,"16":0.0001743034,"17":0.0001556299,"18":0.0001762644,"19":0.000166445},"f1v7n4e20val_loss":{"0":0.0119267352,"1":0.0081798104,"2":0.0087744055,"3":0.0090879212,"4":0.0100181334,"5":0.0072717203,"6":0.008732028,"7":0.0069195257,"8":0.0088711475,"9":0.0076475705,"10":0.0087060926,"11":0.0078842806,"12":0.0082888875,"13":0.0058937322,"14":0.0078384336,"15":0.0050324358,"16":0.0079273371,"17":0.0078788677,"18":0.0081510393,"19":0.0068636656}}