{"f15v2n4e20":{"0":6858.916015625,"1":6849.9462890625,"2":6834.1098632812,"3":6818.2778320312,"4":6824.7524414062,"5":6827.4985351562,"6":6810.818359375,"7":6859.6005859375,"8":6919.7124023438,"9":6938.4951171875,"10":6957.2504882812,"11":6973.0322265625,"12":7018.8549804688,"13":7084.2041015625},"Y":{"0":7405.6931966667,"1":7408.5065103333,"2":7411.319824,"3":7351.629883,"4":7398.299805,"5":7382.470215,"6":7354.339844,"7":7367.5732423333,"8":7380.8066406667,"9":7394.040039,"10":7378.459961,"11":7425.959961,"12":7424.430176,"13":7433.850098}}