{"f15v2n4e20_loss":{"0":0.2119417011,"1":0.0360083568,"2":0.0247994068,"3":0.0233376992,"4":0.021361034,"5":0.0194520893,"6":0.0178608939,"7":0.0160151336,"8":0.014033553,"9":0.0120920299,"10":0.0104726267,"11":0.008631736,"12":0.0072281554,"13":0.0057312586,"14":0.0045217547,"15":0.0036112673,"16":0.0028144629,"17":0.002143992,"18":0.0017971254,"19":0.0015505988},"f15v2n4e20val_loss":{"0":0.4648537066,"1":0.2100119438,"2":0.1879488437,"3":0.1628773418,"4":0.1736259059,"5":0.1212910655,"6":0.1424978193,"7":0.1115871946,"8":0.0867573718,"9":0.0783281416,"10":0.0641944151,"11":0.0631732777,"12":0.0385734618,"13":0.0326880131,"14":0.0178174063,"15":0.0143503985,"16":0.0138140969,"17":0.0021761764,"18":0.0065882772,"19":0.0040292535}}