{"f2v2n4e20":{"0":2704.6584472656,"1":2701.763671875,"2":2695.375,"3":2688.9826660156,"4":2689.9592285156,"5":2683.5925292969,"6":2674.1623535156,"7":2690.1845703125,"8":2707.8247070312,"9":2711.3898925781,"10":2714.9501953125,"11":2716.3039550781,"12":2729.087890625,"13":2752.1669921875,"14":2764.8110351562,"15":2767.5173339844,"16":2768.6076660156,"17":2769.6958007812,"18":2759.9853515625,"19":2757.0825195312,"20":2760.0822753906,"21":2755.3049316406,"22":2756.2651367188,"23":2762.9235839844,"24":2769.5805664062,"25":2767.9526367188,"26":2768.3125},"Y":{"0":2655.33667,"1":2648.050049,"2":2654.800049,"3":2635.669922,"4":2629.72998,"5":2663.419922,"6":2666.489909,"7":2669.559896,"8":2672.629883,"9":2671.919922,"10":2697.790039,"11":2723.070068,"12":2727.719971,"13":2728.523275,"14":2729.326579,"15":2730.129883,"16":2711.449951,"17":2722.459961,"18":2720.129883,"19":2712.969971,"20":2719.649984,"21":2726.329997,"22":2733.01001,"23":2724.439941,"24":2733.290039,"25":2727.76001,"26":2721.330078}}