{"f2v2n4e20_loss":{"0":0.1145404919,"1":0.0022238472,"2":0.0018117373,"3":0.0015453969,"4":0.0013283628,"5":0.0010607673,"6":0.0008172278,"7":0.0006314678,"8":0.0004794732,"9":0.0003598695,"10":0.0002702918,"11":0.000222456,"12":0.0001850201,"13":0.00016331,"14":0.0001492303,"15":0.0001463212,"16":0.0001413766,"17":0.0001418819,"18":0.0001405134,"19":0.0001398475},"f2v2n4e20val_loss":{"0":0.0287925534,"1":0.0136114246,"2":0.0100239367,"3":0.009529933,"4":0.0054815665,"5":0.0037244974,"6":0.0047322652,"7":0.0014744964,"8":0.001111896,"9":0.0009606214,"10":0.0003041154,"11":0.0002627245,"12":0.0001247319,"13":0.0000552368,"14":0.0000782068,"15":0.0000588836,"16":0.0001040664,"17":0.0001182636,"18":0.0001300093,"19":0.0001202583}}