{"f7v7n4e20":{"0":1511.9217529297,"1":1511.8395996094,"2":1514.3525390625,"3":1517.2257080078,"4":1520.6469726562,"5":1524.5739746094,"6":1528.2740478516,"7":1532.5158691406,"8":1537.7608642578,"9":1541.0059814453,"10":1543.6596679688,"11":1545.5081787109,"12":1546.623046875,"13":1547.0747070312,"14":1549.0321044922,"15":1550.9765625,"16":1552.6318359375},"Y":{"0":1596.050049,"1":1603.709961,"2":1606.790039,"3":1604.6400146667,"4":1602.4899903333,"5":1600.339966,"6":1600.339966,"7":1616.369995,"8":1625.290039,"9":1626.630005,"10":1630.233317,"11":1633.836629,"12":1637.439941,"13":1625.23999,"14":1627.609985,"15":1628.219971,"16":1626.930054}}