{"f7v7n4e20":{"0":1492.3870849609,"1":1491.5032958984,"2":1492.8057861328,"3":1495.3659667969,"4":1498.5203857422,"5":1502.2553710938,"6":1506.2055664062,"7":1510.1936035156,"8":1516.0035400391,"9":1520.4758300781,"10":1524.1867675781,"11":1527.0240478516,"12":1528.9309082031,"13":1530.4681396484,"14":1532.2769775391,"15":1534.5944824219,"16":1536.5822753906},"Y":{"0":1596.050049,"1":1603.709961,"2":1606.790039,"3":1604.6400146667,"4":1602.4899903333,"5":1600.339966,"6":1600.339966,"7":1616.369995,"8":1625.290039,"9":1626.630005,"10":1630.233317,"11":1633.836629,"12":1637.439941,"13":1625.23999,"14":1627.609985,"15":1628.219971,"16":1626.930054}}