{"f7v7n4e20_loss":{"0":0.0432509242,"1":0.0222589133,"2":0.0196412493,"3":0.0149879797,"4":0.0110186136,"5":0.0074775014,"6":0.0040505856,"7":0.0022425168,"8":0.00147252,"9":0.0014302974,"10":0.0015336884,"11":0.001520786,"12":0.0014420965,"13":0.001342184,"14":0.0014964031,"15":0.0014798614,"16":0.0012338881,"17":0.0016310803,"18":0.0016075321,"19":0.0013016926},"f7v7n4e20val_loss":{"0":0.1929778542,"1":0.1354336348,"2":0.1144812442,"3":0.0769393417,"4":0.0568931403,"5":0.0411224524,"6":0.0240967258,"7":0.0124756567,"8":0.0084214978,"9":0.0129912975,"10":0.0086040476,"11":0.0091982117,"12":0.0102539484,"13":0.0071044174,"14":0.0071946425,"15":0.007837499,"16":0.0117589496,"17":0.0040631635,"18":0.0041181229,"19":0.004293277}}