{"f7v7n4e20_loss":{"0":0.0367545342,"1":0.0192159742,"2":0.0138698217,"3":0.0103214204,"4":0.0058890165,"5":0.0038943177,"6":0.0027056218,"7":0.0024458617,"8":0.0022866737,"9":0.0022929631,"10":0.002145337,"11":0.0024225275,"12":0.0021192582,"13":0.0021368027,"14":0.0019722708,"15":0.002370924,"16":0.0022217299,"17":0.0019513853,"18":0.0019507434,"19":0.0019644639},"f7v7n4e20val_loss":{"0":0.1297108791,"1":0.1012593261,"2":0.0752392898,"3":0.0398415485,"4":0.0116213451,"5":0.0024805094,"6":0.0063915026,"7":0.002892294,"8":0.004640277,"9":0.0020690725,"10":0.0053127997,"11":0.0018204657,"12":0.0035143765,"13":0.0030797259,"14":0.0026646591,"15":0.0041550111,"16":0.0053113695,"17":0.0078087773,"18":0.0065189997,"19":0.0025630479}}