{"f15v1n2e20":{"0":1525.8275146484,"1":1525.4891357422,"2":1523.3051757812,"3":1521.1181640625,"4":1518.9285888672,"5":1519.9592285156,"6":1516.0657958984,"7":1513.1705322266,"8":1529.2429199219,"9":1531.5913085938,"10":1533.9372558594,"11":1536.2805175781,"12":1538.1273193359,"13":1547.2829589844,"14":1555.8616943359},"Y":{"0":1606.790039,"1":1604.6400146667,"2":1602.4899903333,"3":1600.339966,"4":1600.339966,"5":1616.369995,"6":1625.290039,"7":1626.630005,"8":1630.233317,"9":1633.836629,"10":1637.439941,"11":1625.23999,"12":1627.609985,"13":1628.219971,"14":1626.930054}}