{"f15v1n2e20_loss":{"0":0.0256318585,"1":0.0198636765,"2":0.0187952046,"3":0.0179199233,"4":0.0168708465,"5":0.0156278633,"6":0.0144935831,"7":0.0135320141,"8":0.0122037197,"9":0.0115250641,"10":0.0102421406,"11":0.009225125,"12":0.0084133213,"13":0.0074734534,"14":0.0069087384,"15":0.006265086,"16":0.0054744507,"17":0.0050235682,"18":0.0044854435,"19":0.0041601511},"f15v1n2e20val_loss":{"0":0.1111937792,"1":0.0921884225,"2":0.0892470956,"3":0.0812877148,"4":0.0744915427,"5":0.0660156995,"6":0.0530137491,"7":0.0504134443,"8":0.0509809118,"9":0.0364636979,"10":0.0323247266,"11":0.0189126383,"12":0.0230716982,"13":0.0114962165,"14":0.0078000756,"15":0.0078882021,"16":0.0078680163,"17":0.008893172,"18":0.0053184305,"19":0.0028926698}}