{"f15v15n4e20":{"0":2575.8413085938},"Y":{"0":2721.330078}}