{"f15v15n4e20_loss":{"0":0.0513767829,"1":0.0200823697,"2":0.0172133878,"3":0.0150844607,"4":0.0125731564,"5":0.0104217905,"6":0.0070581066,"7":0.0056987234,"8":0.0028746525,"9":0.0016867049,"10":0.0012704698,"11":0.0011090092,"12":0.0013080029,"13":0.0009929744,"14":0.0011961277,"15":0.0009994264,"16":0.000999806,"17":0.0010043102,"18":0.0008958314,"19":0.0010658107},"f15v15n4e20val_loss":{"0":0.1030516302,"1":0.1039454327,"2":0.0776507895,"3":0.0555945128,"4":0.0392525822,"5":0.025829392,"6":0.0331163074,"7":0.0079581555,"8":0.0056505912,"9":0.0080257346,"10":0.0065459129,"11":0.0086856955,"12":0.0045156867,"13":0.0058936421,"14":0.0061117212,"15":0.0052373279,"16":0.0045237028,"17":0.0074608402,"18":0.0038184283,"19":0.0054224611}}