{"f15v7n4e20":{"0":7077.6743164062,"1":7067.32421875,"2":7098.5708007812,"3":7120.9008789062,"4":7143.7553710938,"5":7166.9482421875,"6":7185.2666015625,"7":7223.2216796875,"8":7270.7866210938},"Y":{"0":7382.470215,"1":7354.339844,"2":7367.5732423333,"3":7380.8066406667,"4":7394.040039,"5":7378.459961,"6":7425.959961,"7":7424.430176,"8":7433.850098}}