{"f15v7n4e20_loss":{"0":0.0167513089,"1":0.0138228334,"2":0.0109857332,"3":0.0081839108,"4":0.0057547853,"5":0.0030097636,"6":0.0018063661,"7":0.0013256008,"8":0.0013541296,"9":0.0013257119,"10":0.0011218043,"11":0.0011724329,"12":0.0012394559,"13":0.0011490587,"14":0.0012973287,"15":0.001049593,"16":0.0012372245,"17":0.0010547337,"18":0.0012401298,"19":0.0011909544},"f15v7n4e20val_loss":{"0":0.1032229647,"1":0.0762685319,"2":0.0542316436,"3":0.0462980629,"4":0.0360123948,"5":0.0026608217,"6":0.0022823678,"7":0.0014847959,"8":0.0027717867,"9":0.0019758408,"10":0.0012454962,"11":0.0012042673,"12":0.001600581,"13":0.0014423708,"14":0.001185277,"15":0.0012490391,"16":0.0013898571,"17":0.0011532495,"18":0.0011497699,"19":0.0011496576}}