{"f7v7n4e20":{"0":2620.333984375,"1":2615.6413574219,"2":2624.9130859375,"3":2629.2180175781,"4":2633.7033691406,"5":2638.2348632812,"6":2642.2556152344,"7":2651.7517089844,"8":2662.4790039062,"9":2668.7758789062,"10":2672.4377441406,"11":2674.8127441406,"12":2676.2807617188,"13":2674.1083984375,"14":2679.6352539062,"15":2682.0944824219,"16":2682.4462890625},"Y":{"0":2697.790039,"1":2723.070068,"2":2727.719971,"3":2728.523275,"4":2729.326579,"5":2730.129883,"6":2711.449951,"7":2722.459961,"8":2720.129883,"9":2712.969971,"10":2719.649984,"11":2726.329997,"12":2733.01001,"13":2724.439941,"14":2733.290039,"15":2727.76001,"16":2721.330078}}