{"f7v7n4e20_loss":{"0":0.0292092297,"1":0.0244972484,"2":0.0208500314,"3":0.0166155772,"4":0.0119139524,"5":0.0074274036,"6":0.0035999881,"7":0.0009835884,"8":0.0007470501,"9":0.0006824072,"10":0.0006663972,"11":0.0006745168,"12":0.0006300757,"13":0.000625697,"14":0.0006055755,"15":0.0007516482,"16":0.0006110844,"17":0.0006719846,"18":0.0006835077,"19":0.0007018351},"f7v7n4e20val_loss":{"0":0.1874960921,"1":0.1511596888,"2":0.143773057,"3":0.0800256243,"4":0.0693816063,"5":0.0394347109,"6":0.0052237013,"7":0.0007089967,"8":0.0006587075,"9":0.0006608958,"10":0.0008237487,"11":0.0007238892,"12":0.0007006002,"13":0.0007421187,"14":0.0008083857,"15":0.000857513,"16":0.0015244275,"17":0.0007437143,"18":0.0012243067,"19":0.001135612}}