{"f7v7n4e20":{"0":6681.74609375,"1":6673.9521484375,"2":6692.6147460938,"3":6709.6665039062,"4":6728.919921875,"5":6750.3793945312,"6":6762.6401367188,"7":6793.2006835938,"8":6835.5942382812,"9":6863.779296875,"10":6886.0239257812,"11":6904.6215820312,"12":6920.01171875,"13":6921.7861328125,"14":6929.0693359375,"15":6927.2880859375,"16":6921.1025390625},"Y":{"0":7339.910156,"1":7404.970215,"2":7402.879883,"3":7405.6931966667,"4":7408.5065103333,"5":7411.319824,"6":7351.629883,"7":7398.299805,"8":7382.470215,"9":7354.339844,"10":7367.5732423333,"11":7380.8066406667,"12":7394.040039,"13":7378.459961,"14":7425.959961,"15":7424.430176,"16":7433.850098}}