{"f7v7n4e20_loss":{"0":0.0256265541,"1":0.0177364476,"2":0.0135355315,"3":0.0094104884,"4":0.0062420011,"5":0.0038640894,"6":0.0018596514,"7":0.0007939313,"8":0.0004821944,"9":0.0004316729,"10":0.0004277477,"11":0.0004167564,"12":0.000428658,"13":0.0004094468,"14":0.0004511795,"15":0.0003960778,"16":0.0004592293,"17":0.0004213578,"18":0.0004194226,"19":0.0004132573},"f7v7n4e20val_loss":{"0":0.2229472445,"1":0.1538019057,"2":0.1071840372,"3":0.0730981057,"4":0.079046707,"5":0.0445500912,"6":0.0229779841,"7":0.0088239261,"8":0.0063624028,"9":0.0045637265,"10":0.0061005541,"11":0.0061373755,"12":0.004157894,"13":0.0029625198,"14":0.0042796442,"15":0.0033326021,"16":0.0045930905,"17":0.0050062355,"18":0.0030359819,"19":0.0048544353}}