{"f1v7n4e20":{"0":2495.0949707031,"1":2493.2272949219,"2":2503.2690429688,"3":2505.7412109375,"4":2508.3498535156,"5":2510.7409667969,"6":2511.6618652344,"7":2518.470703125,"8":2525.6489257812,"9":2528.3076171875,"10":2530.046875,"11":2531.6928710938,"12":2533.2431640625,"13":2528.9067382812,"14":2531.4860839844,"15":2529.0544433594,"16":2525.814453125,"17":2526.1315917969,"18":2527.1184082031,"19":2528.6882324219,"20":2525.9975585938,"21":2529.4089355469,"22":2529.2019042969},"Y":{"0":2629.72998,"1":2663.419922,"2":2666.489909,"3":2669.559896,"4":2672.629883,"5":2671.919922,"6":2697.790039,"7":2723.070068,"8":2727.719971,"9":2728.523275,"10":2729.326579,"11":2730.129883,"12":2711.449951,"13":2722.459961,"14":2720.129883,"15":2712.969971,"16":2719.649984,"17":2726.329997,"18":2733.01001,"19":2724.439941,"20":2733.290039,"21":2727.76001,"22":2721.330078}}