{"f1v7n4e20_loss":{"0":0.1613176047,"1":0.005404134,"2":0.0031405986,"3":0.0015502328,"4":0.000548464,"5":0.0001999473,"6":0.0001302796,"7":0.0001174885,"8":0.0001266959,"9":0.0001219505,"10":0.0001159563,"11":0.0001226024,"12":0.0001120516,"13":0.0001175217,"14":0.0001154706,"15":0.0001084056,"16":0.0001105927,"17":0.0001092242,"18":0.0001078155,"19":0.0001110025},"f1v7n4e20val_loss":{"0":0.0662139503,"1":0.0360684947,"2":0.0180203302,"3":0.0117440232,"4":0.0062256525,"5":0.0038736464,"6":0.0029665153,"7":0.002585294,"8":0.0026250776,"9":0.0025117535,"10":0.0026879624,"11":0.0025794048,"12":0.0018821636,"13":0.0023181126,"14":0.0025063388,"15":0.0022719646,"16":0.0023378419,"17":0.002492557,"18":0.002056364,"19":0.0020578312}}