{"f7v7n2e20":{"0":6127.7934570312,"1":6123.1015625,"2":6137.9169921875,"3":6145.0751953125,"4":6152.2021484375,"5":6159.8403320312,"6":6168.5229492188,"7":6182.818359375,"8":6197.8022460938,"9":6206.8955078125,"10":6212.5478515625,"11":6216.5737304688,"12":6219.3125,"13":6216.1538085938,"14":6224.7983398438,"15":6229.298828125,"16":6232.2392578125},"Y":{"0":7339.910156,"1":7404.970215,"2":7402.879883,"3":7405.6931966667,"4":7408.5065103333,"5":7411.319824,"6":7351.629883,"7":7398.299805,"8":7382.470215,"9":7354.339844,"10":7367.5732423333,"11":7380.8066406667,"12":7394.040039,"13":7378.459961,"14":7425.959961,"15":7424.430176,"16":7433.850098}}