{"f7v7n2e20_loss":{"0":0.027252076,"1":0.0213911508,"2":0.0204260538,"3":0.0187509791,"4":0.0174995946,"5":0.0156288441,"6":0.0134276272,"7":0.010784704,"8":0.0077450451,"9":0.004606461,"10":0.0027357683,"11":0.0018024694,"12":0.0015489465,"13":0.001519992,"14":0.0014546794,"15":0.0014931775,"16":0.0013458775,"17":0.0013315749,"18":0.0012608938,"19":0.0012380478},"f7v7n2e20val_loss":{"0":0.1516995093,"1":0.1299031117,"2":0.1055077436,"3":0.0969579825,"4":0.0868485891,"5":0.0962186983,"6":0.0873008937,"7":0.0571398725,"8":0.0300860126,"9":0.0177447037,"10":0.0150069532,"11":0.0116697761,"12":0.0115277754,"13":0.016530907,"14":0.01662638,"15":0.0170165531,"16":0.0152095511,"17":0.0161029275,"18":0.019626218,"19":0.0216270431}}