{"f15v1n2e20":{"0":2602.7810058594,"1":2603.6433105469,"2":2599.0852050781,"3":2594.5222167969,"4":2589.9545898438,"5":2599.2414550781,"6":2590.2639160156,"7":2585.8728027344,"8":2612.908203125,"9":2616.5493164062,"10":2620.1877441406,"11":2623.8234863281,"12":2624.7302246094,"13":2642.4208984375,"14":2658.7333984375},"Y":{"0":2727.719971,"1":2728.523275,"2":2729.326579,"3":2730.129883,"4":2711.449951,"5":2722.459961,"6":2720.129883,"7":2712.969971,"8":2719.649984,"9":2726.329997,"10":2733.01001,"11":2724.439941,"12":2733.290039,"13":2727.76001,"14":2721.330078}}