{"f15v1n2e20_loss":{"0":0.06104257,"1":0.0202506452,"2":0.0184288972,"3":0.017566994,"4":0.0160741829,"5":0.0155501271,"6":0.0140210092,"7":0.0129463343,"8":0.0118742474,"9":0.0106089317,"10":0.0095021013,"11":0.0083413066,"12":0.0073358233,"13":0.0063745756,"14":0.0053816952,"15":0.004652429,"16":0.0038755531,"17":0.0031889541,"18":0.0027226047,"19":0.0023199465},"f15v1n2e20val_loss":{"0":0.1865696052,"1":0.1046162723,"2":0.1072425455,"3":0.087902535,"4":0.0697203265,"5":0.0696415624,"6":0.0674197542,"7":0.0613007739,"8":0.0471786761,"9":0.0434443058,"10":0.0324084076,"11":0.0302211341,"12":0.0272139737,"13":0.0174642095,"14":0.0155007359,"15":0.0114644617,"16":0.0100580332,"17":0.0079028774,"18":0.005892055,"19":0.0029596813}}