{"f2v15n4e20":{"0":6227.2666015625,"1":6239.1733398438,"2":6249.1040039062,"3":6256.501953125,"4":6262.1943359375,"5":6264.833984375,"6":6264.1665039062,"7":6266.7622070312,"8":6270.61328125,"9":6273.5478515625,"10":6277.9482421875,"11":6283.2548828125,"12":6285.7373046875,"13":6284.4038085938},"Y":{"0":7405.6931966667,"1":7408.5065103333,"2":7411.319824,"3":7351.629883,"4":7398.299805,"5":7382.470215,"6":7354.339844,"7":7367.5732423333,"8":7380.8066406667,"9":7394.040039,"10":7378.459961,"11":7425.959961,"12":7424.430176,"13":7433.850098}}