{"f2v15n4e20_loss":{"0":0.0080374217,"1":0.0020648417,"2":0.0004580387,"3":0.0002252231,"4":0.0002128233,"5":0.0001656265,"6":0.0001486788,"7":0.0001431603,"8":0.0001670097,"9":0.0001486838,"10":0.0001517416,"11":0.0001833364,"12":0.0001750398,"13":0.0001667099,"14":0.0001630254,"15":0.0001358675,"16":0.0001986682,"17":0.0001448994,"18":0.0001418013,"19":0.0001379372},"f2v15n4e20val_loss":{"0":0.0298339941,"1":0.0209140024,"2":0.0149873303,"3":0.0097170879,"4":0.0088977724,"5":0.0100954887,"6":0.0097334208,"7":0.0091012882,"8":0.0080732081,"9":0.0070927606,"10":0.0078192581,"11":0.0103512739,"12":0.0073429549,"13":0.0075695784,"14":0.0075682931,"15":0.0065481171,"16":0.0093232799,"17":0.0064058557,"18":0.006273562,"19":0.0073127952}}