{"f1v2n4e20":{"0":2769.5915527344,"1":2766.7556152344,"2":2760.2797851562,"3":2753.8049316406,"4":2754.5502929688,"5":2749.5954589844,"6":2738.2016601562,"7":2757.322265625,"8":2776.3420410156,"9":2780.7619628906,"10":2785.1516113281,"11":2788.31640625,"12":2801.4865722656,"13":2824.4479980469,"14":2837.4892578125,"15":2839.9362792969,"16":2840.4020996094,"17":2840.8659667969,"18":2832.5712890625,"19":2832.8486328125,"20":2838.228515625,"21":2834.5520019531,"22":2835.9826660156,"23":2843.0600585938,"24":2850.1354980469,"25":2846.6196289062,"26":2846.5532226562,"27":2848.4450683594},"Y":{"0":2662.623291,"1":2655.33667,"2":2648.050049,"3":2654.800049,"4":2635.669922,"5":2629.72998,"6":2663.419922,"7":2666.489909,"8":2669.559896,"9":2672.629883,"10":2671.919922,"11":2697.790039,"12":2723.070068,"13":2727.719971,"14":2728.523275,"15":2729.326579,"16":2730.129883,"17":2711.449951,"18":2722.459961,"19":2720.129883,"20":2712.969971,"21":2719.649984,"22":2726.329997,"23":2733.01001,"24":2724.439941,"25":2733.290039,"26":2727.76001,"27":2721.330078}}