{"f1v2n4e20_loss":{"0":0.1293375763,"1":0.0023177087,"2":0.0019288041,"3":0.0017359153,"4":0.0014771002,"5":0.0012420077,"6":0.00103848,"7":0.0008454647,"8":0.0006645205,"9":0.0005249289,"10":0.0004147698,"11":0.0003292588,"12":0.0002822819,"13":0.0002477042,"14":0.0001967463,"15":0.0001802673,"16":0.000169266,"17":0.0001662114,"18":0.0001619714,"19":0.0001612338},"f1v2n4e20val_loss":{"0":0.0331894372,"1":0.0121007724,"2":0.011053636,"3":0.0099795748,"4":0.006398171,"5":0.0053384536,"6":0.0037947969,"7":0.0015129707,"8":0.0013379382,"9":0.0010843344,"10":0.0009117799,"11":0.00007379,"12":0.0000456875,"13":0.0000356018,"14":0.000043357,"15":0.0000444021,"16":0.0001610962,"17":0.0001803757,"18":0.0002212318,"19":0.0006543092}}